Title,_nt,原标注软件,PDF,结论,全文中出现的非牙科3D软件
Evaluation of the use of PEEK material in post-core and crown restorations using finite element analysis,evaluation of the use of peek material in post core and crown restorations using finite element analysis,Simpleware;Rhinoceros,Tekin 等 - Evaluation of the use of PEEK material in post-core and crown restorations using finite element anal.pdf,A_原标注软件在全文出现,Algor; Simpleware; VRMesh
Where is the center of resistance of a maxillary first molar? A 3-dimensional finite element analysis,where is the center of resistance of a maxillary first molar a 3 dimensional finite element analysis,Mimics;3-Matic,Gandhi 等 - 2021 - Where is the center of resistance of a maxillary first molar A 3-dimensional finite element analysi.pdf,A_原标注软件在全文出现,3-Matic; Abaqus; Mimics
Assessment of simulated vs actual orthodontic tooth movement with a customized fixed lingual appliance using untreated posterior teeth for registration and digital superimposition: A retrospective study,assessment of simulated vs actual orthodontic tooth movement with a customized fixed lingual appliance using untreated posterior teeth for registration and digital superimposition a retrospective study,Final Surface,Sharp 等 - 2022 - Assessment of simulated vs actual orthodontic tooth movement with a customized fixed lingual applian.pdf,A_原标注软件在全文出现,CloudCompare; Final Surface; Final surface
Biomechanical analysis of subcondylar fracture fixation using miniplates at different positions and of different lengths,biomechanical analysis of subcondylar fracture fixation using miniplates at different positions and of different lengths,SolidWorks,Huang 等 - 2021 - Biomechanical analysis of subcondylar fracture fixation using miniplates at different positions and.pdf,A_原标注软件在全文出现,ANSYS; Mimics; Solidworks
Effect of the presence of orthodontic brackets on intraoral scans.,effect of the presence of orthodontic brackets on intraoral scans,Geomagic Design X,Kang 等 - 2021 - Effect of the presence of orthodontic brackets on intraoral scans..pdf,C_全文未出现任何非牙科3D软件名,
A Feasibility Study of HoloLens Ear Image Guidance for Ear Reconstruction,a feasibility study of hololens ear image guidance for ear reconstruction,3D Slicer;MeshLab;Blender,Jiang 等 - 2025 - A Feasibility Study of HoloLens Ear Image Guidance for Ear Reconstruction..pdf,A_原标注软件在全文出现,3D Slicer; 3D slicer; Blender; MeshLab; Meshlab
MarginView3D: A Novel Software Enabling Comprehensive Three-Dimensional Surgical Pathology Documentation for Improved Intra- and Postoperative Cancer Care,marginview3d a novel software enabling comprehensive three dimensional surgical pathology documentation for improved intra and postoperative cancer care,ZBrush,Karasick 等 - 2025 - MarginView3D A Novel Software Enabling Comprehensive Three-Dimensional Surgical Pathology Documenta.pdf,A_原标注软件在全文出现,Blender; ZBrush
Waferless Orthognathic Surgery with Customized Osteosynthesis and Surgical Guides: A Prospective Study,waferless orthognathic surgery with customized osteosynthesis and surgical guides a prospective study,Mimics,Espino-Segura-Illa 等 - 2024 - Waferless Orthognathic Surgery with Customized Osteosynthesis and Surgical Guides A Prospective Stu.pdf,A_原标注软件在全文出现,3-matic; Mimics
A pilot investigation of condylar position and asymmetry in patients with unilateral posterior scissors-bite malocclusion based on three-dimensional reconstructive imaging technique,a pilot investigation of condylar position and asymmetry in patients with unilateral posterior scissors bite malocclusion based on three dimensional reconstructive imaging technique,Mimics;3-Matic;Geomagic Wrap,Li 等 - 2023 - A pilot investigation of condylar position and asymmetry in patients with unilateral posterior sciss.pdf,A_原标注软件在全文出现,3-matic; Geomagic Wrap; Mimics
Qualitative exploration of 3D printing in Swedish healthcare: perceived effects and barriers,qualitative exploration of 3d printing in swedish healthcare perceived effects and barriers,Meshmixer,Sag 等 - 2024 - Qualitative exploration of 3D printing in Swedish healthcare perceived effects and barriers..pdf,A_原标注软件在全文出现,Meshmixer; slicer
Evaluation of prostheses retained zygomatic and dental implants in large defects in the maxilla due to tumors or major trauma by biomechanical 3- dimensional  finite element analysis.,evaluation of prostheses retained zygomatic and dental implants in large defects in the maxilla due to tumors or major trauma by biomechanical 3 dimensional finite element analysis,ANSYS;SolidWorks;Mimics;3-Matic,Yemenoglu 等 - 2025 - Evaluation of prostheses retained zygomatic and dental implants in large defects in the maxilla due.pdf,A_原标注软件在全文出现,3-matic; ANSYS; Mimics; SolidWorks; Solidworks
Convolutional neural network for automated tooth segmentation on intraoral scans,convolutional neural network for automated tooth segmentation on intraoral scans,3-Matic,Wang 等 - 2024 - Convolutional neural network for automated tooth segmentation on intraoral scans..pdf,A_原标注软件在全文出现,3-matic
Evaluation of CBCT reconstructed tooth models at different thresholds and voxels and their accuracy in fusion with IOS data: an in vitro validation study.,evaluation of cbct reconstructed tooth models at different thresholds and voxels and their accuracy in fusion with ios data an in vitro validation study,Mimics;Geomagic Wrap,Zhang 等 - 2024 - Evaluation of CBCT reconstructed tooth models at different thresholds and voxels and their accuracy.pdf,A_原标注软件在全文出现,3-Matic; Geomagic; Geomagic Wrap; Geomagic wrap; Mimics
Technical considerations of computer-aided planning in severe orbital trauma: A retrospective study,technical considerations of computer aided planning in severe orbital trauma a retrospective study,Mimics,Fawzy 等 - 2022 - Technical considerations of computer-aided planning in severe orbital trauma A retrospective study.pdf,A_原标注软件在全文出现,Mimics
Automatic restoration and reconstruction of defective tooth based on deep learning technology,automatic restoration and reconstruction of defective tooth based on deep learning technology,Blender,Wu 等 - 2025 - Automatic restoration and reconstruction of defective tooth based on deep learning technology..pdf,A_原标注软件在全文出现,Blender
Accurate mandibular canal segmentation of dental CBCT using a two-stage 3D-UNet based segmentation framework,accurate mandibular canal segmentation of dental cbct using a two stage 3d unet based segmentation framework,ITK-SNAP,Lin 等 - 2023 - Accurate mandibular canal segmentation of dental CBCT using a two-stage 3D-UNet based segmentation f.pdf,A_原标注软件在全文出现,ITK-SNAP
Biomechanical comparison of different framework materials in mandibular overdenture prosthesis supported with implants of different sizes: a finite element analysis,biomechanical comparison of different framework materials in mandibular overdenture prosthesis supported with implants of different sizes a finite element analysis,HyperMesh,Güzelce S - 2023 - Biomechanical comparison of different framework materials in mandibular overdenture prosthesis suppo.pdf,A_原标注软件在全文出现,Hypermesh; Slicer
"Biomechanical behavior of titanium, cobalt-chromium, zirconia, and PEEK frameworks in implant-supported prostheses: a dynamic finite element analysis",biomechanical behavior of titanium cobalt chromium zirconia and peek frameworks in implant supported prostheses a dynamic finite element analysis,3D Slicer;HyperMesh;Hyperworks,"Sahin Hazir 等 - 2025 - Biomechanical behavior of titanium, cobalt-chromium, zirconia, and PEEK frameworks in implant-suppor.pdf",A_原标注软件在全文出现,Hypermesh; Hyperworks
Intra-oral scan segmentation using deep learning,intra oral scan segmentation using deep learning,Meshmixer,Vinayahalingam 等 - 2023 - Intra-oral scan segmentation using deep learning.pdf,A_原标注软件在全文出现,Meshmixer
A Finite Element Analysis Study of Edentulous Model with Complete Denture to Simulate Masticatory Movement,a finite element analysis study of edentulous model with complete denture to simulate masticatory movement,3-Matic,Lee 等 - 2024 - A Finite Element Analysis Study of Edentulous Model with Complete Denture to Simulate Masticatory Mo.pdf,A_原标注软件在全文出现,3-matic; Abaqus; SOLIDWORKS; SolidWorks
Effect of the prosthetic index on stress distribution in Morse taper connection implant system and peri-implant bone: a 3D finite element analysis,effect of the prosthetic index on stress distribution in morse taper connection implant system and peri implant bone a 3d finite element analysis,ug;Mimics;Magics,Zhang 等 - 2022 - Effect of the prosthetic index on stress distribution in Morse taper connection implant system and p.pdf,A_原标注软件在全文出现,Abaqus; Magics; Mimics
A case series on a new reference in mandibular angles harmonization: the Frontozygomatic-Infraorbital Line (FZ-IOL),a case series on a new reference in mandibular angles harmonization the frontozygomatic infraorbital line fz iol,Geomagic Freeform,Sanz 等 - 2024 - A case series on a new reference in mandibular angles harmonization the Frontozygomatic-Infraorbita.pdf,A_原标注软件在全文出现,Geomagic Freeform
Comparison of Artificial Intelligence-Based Applications for Mandible Segmentation: From Established Platforms to In-House-Developed Software,comparison of artificial intelligence based applications for mandible segmentation from established platforms to in house developed software,Mimics;3-Matic;Brainlab,Ileșan 等 - 2023 - Comparison of Artificial Intelligence-Based Applications for Mandible Segmentation From Established.pdf,A_原标注软件在全文出现,3-Matic; Brainlab; Mimics
Deep semi-supervised learning for automatic segmentation of inferior alveolar nerve using a convolutional neural network,deep semi supervised learning for automatic segmentation of inferior alveolar nerve using a convolutional neural network,Avizo,Lim 等 - 2021 - Deep semi-supervised learning for automatic segmentation of inferior alveolar nerve using a convolut.pdf,C_全文未出现任何非牙科3D软件名,
Three-Dimensional FEA Analysis of the Stress Distribution on Titanium and Graphene Frameworks Supported by 3 or 6-Implant Models,three dimensional fea analysis of the stress distribution on titanium and graphene frameworks supported by 3 or 6 implant models,ANSYS;Solid Edge,Desai 等 - 2023 - Three-Dimensional FEA Analysis of the Stress Distribution on Titanium and Graphene Frameworks Suppor.pdf,A_原标注软件在全文出现,Ansys; Hypermesh; Solid Edge
Evaluation of misfit and stress distribution in implant-retained prosthesis obtained by different methods.,evaluation of misfit and stress distribution in implant retained prosthesis obtained by different methods,Rhinoceros;ANSYS,Tonin 等 - 2021 - Evaluation of misfit and stress distribution in implant-retained prosthesis obtained by different me.pdf,C_全文未出现任何非牙科3D软件名,
Scanning Accuracy of 10 Intraoral Scanners for Single-crown and Three-unit Fixed Denture Preparations: An In Vitro Study.,scanning accuracy of 10 intraoral scanners for single crown and three unit fixed denture preparations an in vitro study,Geomagic Wrap;Geomagic Design X,1.pdf.pdf,B_全文出现其他非牙科3D软件,mimics
Effect of Occlusal Scheme and Bone-Level Implant Number and Position on Stress Distribution in Kennedy Class II Implant-Assisted Removable Partial Dentures: A  3D Finite Element Analysis.,effect of occlusal scheme and bone level implant number and position on stress distribution in kennedy class ii implant assisted removable partial dentures a 3d finite element analysis,SolidWorks,Barati 等 - 2025 - Effect of Occlusal Scheme and Bone-Level Implant Number and Position on Stress Distribution in Kenne.pdf,A_原标注软件在全文出现,Abaqus; SolidWorks
Complete Digital Workflow for Evaluation of the Three-Dimensional Monson's Sphere Using Digital Scanning.,complete digital workflow for evaluation of the three dimensional monson s sphere using digital scanning,Geomagic Studio,Wen 等 - 2025 - Complete Digital Workflow for Evaluation of the Three-Dimensional Monson's Sphere Using Digital Scan.pdf,A_原标注软件在全文出现,Geomagic; Geomagic Studio
Automated Orientation and Registration of Cone-Beam Computed Tomography Scans.,automated orientation and registration of cone beam computed tomography scans,3D Slicer,Anchling 等 - 2023 - Automated Orientation and Registration of Cone-Beam Computed Tomography Scans..pdf,A_原标注软件在全文出现,3D Slicer; 3d slicer; Slicer
Assessment of the application of a novel three-dimension printing individualized titanium mesh in alveolar bone augmentation: A retrospective study,assessment of the application of a novel three dimension printing individualized titanium mesh in alveolar bone augmentation a retrospective study,Mimics;3-Matic,Liu 等 - 2024 - Assessment of the application of a novel three-dimension printing individualized titanium mesh in al.pdf,A_原标注软件在全文出现,3-Matic; Mimics
“Three-in-one” patient-specific surgical guides for simultaneous dental implants in fibula flap jaw reconstruction: A prospective case series,three in one patient specific surgical guides for simultaneous dental implants in fibula flap jaw reconstruction a prospective case series,3-Matic,Zhu 等 - 2021 - “Three‐in‐one” patient‐specific surgical guides for simultaneous dental implants in fibula flap jaw.pdf,A_原标注软件在全文出现,3-Matic
Intra Oral Photogrammetry: Trueness Evaluation of Novel Technology for Implant Complete-Arch Digital Impression In Vitro,intra oral photogrammetry trueness evaluation of novel technology for implant complete arch digital impression in vitro,Cam HyperMill,Pozzi 等 - 2025 - Intra Oral Photogrammetry Trueness Evaluation of Novel Technology for Implant Complete‐Arch Digital.pdf,A_原标注软件在全文出现,Cam HyperMill
Artificial intelligence and mixed reality for dental implant planning: A technical note,artificial intelligence and mixed reality for dental implant planning a technical note,Meshmixer;Magics,Mangano 等 - 2024 - Artificial intelligence and mixed reality for dental implant planning A technical note..pdf,A_原标注软件在全文出现,Geomagic; Geomagic Control; Magics; MeshMixer
Validation of a novel AI-based automated multimodal image registration of CBCT and intraoral scan aiding presurgical implant planning,validation of a novel ai based automated multimodal image registration of cbct and intraoral scan aiding presurgical implant planning,Mimics;3-Matic,Elgarba 等 - 2024 - Validation of a novel AI ‐based automated multimodal i.pdf,A_原标注软件在全文出现,Mimics
Clinical evaluation of autonomous robotic-assisted full-arch implant surgery: A 1-year prospective clinical study.,clinical evaluation of autonomous robotic assisted full arch implant surgery a 1 year prospective clinical study,3-Matic;Geomagic Studio,Xie 等 - 2024 - Clinical evaluation of autonomous robotic-assisted full-arch implant surgery A 1-year prospective c.pdf,A_原标注软件在全文出现,Geomagic; Geomagic Studio; Mimics
Accuracy and safety of a haptic operated and machine vision controlled collaborative robot for dental implant placement: A?translational study.,accuracy and safety of a haptic operated and machine vision controlled collaborative robot for dental implant placement a translational study,Mimics;3-Matic;Geomagic Studio,Qiao 等 - 2023 - Accuracy and safety of a haptic operated and machine vision controlled collaborative robot for denta.pdf,A_原标注软件在全文出现,Geomagic; Geomagic studio; Mimics
/Does the geometry of scan bodies affect the alignment accuracy of computer-aided design in implant digital workflow: An in vitro study?,does the geometry of scan bodies affect the alignment accuracy of computer aided design in implant digital workflow an in vitro study,Geomagic Control X,Pan 等 - 2022 - Does the geometry of scan bodies affect the alignment accuracy of computer-aided design in implant d.pdf,B_全文出现其他非牙科3D软件,Geomagic; Geomagic Control
Automatic virtual reconstruction of maxillofacial bone defects assisted by ICP (iterative closest point) algorithm and normal people database,automatic virtual reconstruction of maxillofacial bone defects assisted by icp iterative closest point algorithm and normal people database,Brainlab;Geomagic Control X,Jie 等 - 2022 - Automatic virtual reconstruction of maxillofacial bone defects assisted by ICP (iterative closest po.pdf,A_原标注软件在全文出现,Brainlab; Geomagic; Geomagic Control; Geomagic Control X
Local mechanical stresses can explain the mechanoregulation of bone healing after mandibular reconstruction: an in silico study,local mechanical stresses can explain the mechanoregulation of bone healing after mandibular reconstruction an in silico study,Amira;SolidWorks;ABAQUS;Geomagic Freeform,Orassi 等 - 2025 - Local mechanical stresses can explain the mechanoregulation of bone healing after mandibular reconst.pdf,A_原标注软件在全文出现,Abaqus; Amira; Geomagic Freeform; SolidWorks
Multi-objective optimization for enhanced digitalization in direct 3D printing: an application in dentistry,multi objective optimization for enhanced digitalization in direct 3d printing an application in dentistry,Mimics,Sharma 等 - 2025 - Multi-objective optimization for enhanced digitalization in direct 3D printing an application in de.pdf,B_全文出现其他非牙科3D软件,Geomagic; Meshmixer
3D model construction and biomechanical analysis of temporomandibular joint disc perforation based on arthrography,3d model construction and biomechanical analysis of temporomandibular joint disc perforation based on arthrography,Mimics;3-Matic;ANSYS;Geomagic Wrap,Wang 等 - 2025 - 3D model construction and biomechanical analysis of temporomandibular joint disc perforation based o.pdf,A_原标注软件在全文出现,3-Matic; ANSYS; Geomagic; Geomagic Wrap; Mimics
Dental measurement procedure based on 3D analysis and data processing.,dental measurement procedure based on 3d analysis and data processing,GOM Inspect;CloudCompare;3-Matic;Geomagic Control X,Berenguer-Vidal 等 - 2025 - Dental measurement procedure based on 3D analysis and data processing..pdf,A_原标注软件在全文出现,3-matic; Cloudcompare; GOM Inspect; Geomagic control X; Mimics
Influence of Implant Dimensions in the Resorbed and Bone Augmented Mandible: A Finite Element Study.,influence of implant dimensions in the resorbed and bone augmented mandible a finite element study,Fusion 360,Forna 等 - 2020 - Influence of Implant Dimensions in the Resorbed and Bone Augmented Mandible A Finite Element Study.pdf,C_全文未出现任何非牙科3D软件名,
Automated generation of implant-supported bar attachment system for patient-specific edentulous mandible: parametric modelling and finite element analysis,automated generation of implant supported bar attachment system for patient specific edentulous mandible parametric modelling and finite element analysis,Rhinoceros;MeViSLab;ANSYS,Jemaa 等 - 2025 - Automated generation of implant-supported bar attachment system for patient-specific edentulous mand.pdf,A_原标注软件在全文出现,ANSYS; MeVisLab; Rhinoceros; osirix
How to predict the future face? A 3D methodology to forecast the aspect of patients after orthognathic surgeries,how to predict the future face a 3d methodology to forecast the aspect of patients after orthognathic surgeries,ZBrush,Olivetti 等 - 2025 - How to predict the future face A 3D methodology to forecast the aspect of patients after orthognath.pdf,B_全文出现其他非牙科3D软件,Blender
Automatic Pulp and Teeth Three-Dimensional Modeling of Single and Multi-Rooted Teeth Based on Cone-Beam Computed Tomography Imaging: A Promising Approach With  Clinical and Therapeutic Outcomes.,automatic pulp and teeth three dimensional modeling of single and multi rooted teeth based on cone beam computed tomography imaging a promising approach with clinical and therapeutic outcomes,3D Slicer,Harris 等 - 2023 - Automatic Pulp and Teeth Three-Dimensional Modeling of Single and Multi-Rooted Teeth Based on Cone-B.pdf,A_原标注软件在全文出现,3D Slicer
Advanced Simulation System for Orbitozygomatic Fracture Reconstruction: Multicenter Validation of a Novel Training and Objective Assessment Platform.,advanced simulation system for orbitozygomatic fracture reconstruction multicenter validation of a novel training and objective assessment platform,Blender;Fusion 360;Meshmixer,Vargas 等 - 2025 - Advanced Simulation System for Orbitozygomatic Fracture Reconstruction Multicenter Validation of a.pdf,A_原标注软件在全文出现,Blender; Fusion 360; Meshmixer
"Biomechanical Evaluation of Stress Distribution in Equicrestal and Sub-crestally Placed, Platform-Switched Morse Taper Dental Implants in D3 Bone: Finite Element  Analysis.",biomechanical evaluation of stress distribution in equicrestal and sub crestally placed platform switched morse taper dental implants in d3 bone finite element analysis,3D Slicer;CATIA;HyperMesh,"Ellendula 等 - 2022 - Biomechanical Evaluation of Stress Distribution in Equicrestal and Sub-crestally Placed, Platform-Sw.pdf",A_原标注软件在全文出现,3D Slicer; CATIA; Hypermesh
In-House Three-Dimensional Printing in Orbital Reconstructive Surgery: A Case Report and Future Perspectives.,in house three dimensional printing in orbital reconstructive surgery a case report and future perspectives,3D Slicer;Meshmixer,Ferreira De Barros 等 - 2024 - In-House Three-Dimensional Printing in Orbital Reconstructive Surgery A Case Report and Future Pers.pdf,A_原标注软件在全文出现,3D Slicer; Meshmixer; Slicer
The role of cortical zone level and prosthetic platform angle in dental implant mechanical response: A 3D finite element analysis,the role of cortical zone level and prosthetic platform angle in dental implant mechanical response a 3d finite element analysis,Rhinoceros;Geomagic Studio,Ausiello 等 - 2021 - The role of cortical zone level and prosthetic platform angle in dental implant mechanical response.pdf,A_原标注软件在全文出现,ANSYS; Geomagic Studio; Rhinoceros
Accuracy of metal 3D printed frameworks for removable partial dentures evaluated by digital superimposition,accuracy of metal 3d printed frameworks for removable partial dentures evaluated by digital superimposition,Geomagic Control X,Oh 等 - 2022 - Accuracy of metal 3D printed frameworks for removable partial dentures evaluated by digital superimp.pdf,A_原标注软件在全文出现,Geomagic Control X
Assessing the physical and mechanical properties of 3D printed acrylic material for denture base application,assessing the physical and mechanical properties of 3d printed acrylic material for denture base application,Tinkercad,Altarazi 等 - 2022 - Assessing the physical and mechanical properties of 3D printed acrylic material for denture base app.pdf,A_原标注软件在全文出现,Tinkercad; radiant
OpenMandible: An open-source framework for highly realistic numerical modelling of lower mandible physiology.,openmandible an open source framework for highly realistic numerical modelling of lower mandible physiology,Mimics,Vukicevic 等 - 2021 - OpenMandible An open-source framework for highly realistic numerical modelling of lower mandible ph.pdf,A_原标注软件在全文出现,ANSYS; Abaqus; Geomagic; Geomagic Studio; MeshLab; Mimics
Unleashing the potency of multi-segmental DCIA flap in mandibular reconstruction with the aid of virtual surgery-A retrospective cohort study,unleashing the potency of multi segmental dcia flap in mandibular reconstruction with the aid of virtual surgery a retrospective cohort study,Mimics,Lin 等 - 2025 - Unleashing the potency of multi-segmental DCIA flap in mandibular reconstruction with the aid of vir.pdf,A_原标注软件在全文出现,Mimics
Development of automatic landmark identification for mandible using curvature-based registration,development of automatic landmark identification for mandible using curvature based registration,3D Slicer,Yonemitsu 等 - 2025 - Development of automatic landmark identification for mandible using curvature-based registration.pdf,A_原标注软件在全文出现,3D Slicer
Automated tooth segmentation in magnetic resonance scans using deep learning - A pilot study,automated tooth segmentation in magnetic resonance scans using deep learning a pilot study,ITK-SNAP,Flügge 等 - 2025 - Automated tooth segmentation in magnetic resonance scans using deep learning - A pilot study..pdf,A_原标注软件在全文出现,ITK-SNAP
Comparison Study of Extraction Accuracy of 3D Facial Anatomical Landmarks Based on Non-Rigid Registration of Face Template,comparison study of extraction accuracy of 3d facial anatomical landmarks based on non rigid registration of face template,MeshLab;Geomagic Studio,Wen 等 - 2023 - Comparison Study of Extraction Accuracy of 3D Facial Anatomical Landmarks Based on Non-Rigid Registr.pdf,A_原标注软件在全文出现,Geomagic Studio; Meshlab
Artificial Intelligence for 3D Reconstruction from 2D Panoramic X-rays to Assess Maxillary Impacted Canines,artificial intelligence for 3d reconstruction from 2d panoramic x rays to assess maxillary impacted canines,3D Slicer,Minhas 等 - 2024 - Artificial Intelligence for 3D Reconstruction from 2D Panoramic X-rays to Assess Maxillary Impacted.pdf,A_原标注软件在全文出现,3D Slicer; 3D slicer
Evaluation of the Influence of Build Orientation on the Surface Roughness and Flexural Strength of 3D-Printed Denture Base Resin and Its Comparison with  CAD-CAM Milled Denture Base Resin.,evaluation of the influence of build orientation on the surface roughness and flexural strength of 3d printed denture base resin and its comparison with cad cam milled denture base resin,MOI,Alharethi - 2024 - Evaluation of the Influence of Build Orientation on the Surface Roughness and Flexural Strength of 3.pdf,A_原标注软件在全文出现,
Integrating Digital Feedback Into Competency-Based Medical Education for Crown Preparation Skill Acquisition: A Pre-Post Study of Dental Interns in Taiwan,integrating digital feedback into competency based medical education for crown preparation skill acquisition a pre post study of dental interns in taiwan,Mimics,Chang 等 - 2026 - Integrating Digital Feedback Into Competency‐Based Medical Education for Crown Preparation Skill Acq.pdf,A_原标注软件在全文出现,Mimics; mimics
Design of an interactive system for access cavity assessment: A novel feedback tool for preclinical endodontics,design of an interactive system for access cavity assessment a novel feedback tool for preclinical endodontics,3D Slicer,Choi 等 - 2023 - Design of an interactive system for access cavity assessment A novel feedback tool for preclinical.pdf,A_原标注软件在全文出现,3D Slicer; slicer
The accuracy of automated facial landmarking - a comparative study between Cliniface software and patch-based Convoluted Neural Network algorithm.,the accuracy of automated facial landmarking a comparative study between cliniface software and patch based convoluted neural network algorithm,Cliniface,Al-Baker 等 - 2025 - The accuracy of automated facial landmarking - a comparative study between Cliniface software and pa.pdf,A_原标注软件在全文出现,Cliniface
Secondary Mandible Reconstruction with Computer-Assisted-Surgical Simulation and Patient-Specific Pre-Bent Plates: The Algorithm of Virtual Planning and Limitations Revisited,secondary mandible reconstruction with computer assisted surgical simulation and patient specific pre bent plates the algorithm of virtual planning and limitations revisited,Brainlab,Bhandari 等 - 2022 - Secondary Mandible Reconstruction with Computer-Assisted-Surgical Simulation and Patient-Specific Pr.pdf,A_原标注软件在全文出现,Brainlab
A 3-D Finite Element Analysis of a Single Implant Retained Overdenture Reinforced with Short Versus Long Frameworks.,a 3 d finite element analysis of a single implant retained overdenture reinforced with short versus long frameworks,Inventor;ANSYS,El-Okl - 2021 - A 3-D Finite Element Analysis of a Single Implant Retained Overdenture Reinforced with Short Versus.pdf,A_原标注软件在全文出现,ANSYS; Inventor
3D imaging for dental identification: a pilot investigation of a novel segmentation method using an intra oral scanning device,3d imaging for dental identification a pilot investigation of a novel segmentation method using an intra oral scanning device,Meshmixer;CloudCompare,Perkins 等 - 2025 - 3D imaging for dental identification a pilot investigation of a novel segmentation method using an.pdf,A_原标注软件在全文出现,CloudCompare; MeshMixer
Digital Hybrid Model Preparation for Virtual Planning of Reconstructive Dentoalveolar Surgical Procedures,digital hybrid model preparation for virtual planning of reconstructive dentoalveolar surgical procedures,3D Slicer,Palkovics 等 - 2021 - Digital Hybrid Model Preparation for Virtual Planning of Reconstructive Dentoalveolar Surgical Proce.pdf,A_原标注软件在全文出现,3D Slicer
Automated reconstruction: Predictive models based on facial morphology matrices.,automated reconstruction predictive models based on facial morphology matrices,MeViSLab,Mbonani 等 - 2024 - Automated reconstruction Predictive models based on facial morphology matrices..pdf,A_原标注软件在全文出现,MeVisLab
A Comparative Study on a Novel Fibula Malleolus Cap to Increase the Accuracy of Oncologic Jaw Reconstruction,a comparative study on a novel fibula malleolus cap to increase the accuracy of oncologic jaw reconstruction,3-Matic,Pu 等 - 2021 - A Comparative Study on a Novel Fibula Malleolus Cap to Increase the Accuracy of Oncologic Jaw Recons.pdf,A_原标注软件在全文出现,3-Matic
An innovative additively manufactured implant for mandibular injuries: Design and preparation processes based on simulation model.,an innovative additively manufactured implant for mandibular injuries design and preparation processes based on simulation model,Mimics;3-Matic;ANSYS,Zheng 等 - 2022 - An innovative additively manufactured implant for mandibular injuries Design and preparation proces.pdf,A_原标注软件在全文出现,3-Matic; ANSYS; Mimics
A Framework to Enhance the Experience of CBCT Data in Real-Time Using Immersive Virtual Reality: Impacting Dental Pre-Surgical Planning,a framework to enhance the experience of cbct data in real time using immersive virtual reality impacting dental pre surgical planning,Unity,Bhat 等 - 2024 - A Framework to Enhance the Experience of CBCT Data in Real-Time Using Immersive Virtual Reality Imp.pdf,A_原标注软件在全文出现,3D Slicer; 3d slicer; Unity; unity
Realizing in-house algorithm-driven free fibula flap set up within 24 hours: a pilot study evaluating accuracy with open-source tools,realizing in house algorithm driven free fibula flap set up within 24 hours a pilot study evaluating accuracy with open source tools,Blender;3D Slicer,Vollmer 等 - 2023 - Realizing in-house algorithm-driven free fibula flap set up within 24 hours a pilot study evaluatin.pdf,A_原标注软件在全文出现,3D Slicer; 3D slicer; Blender; Slicer; slicer
Comparing the accuracy and treatment time of a robotic and dynamic navigation system in osteotomy and root-end resection: An in vitro study,comparing the accuracy and treatment time of a robotic and dynamic navigation system in osteotomy and root end resection an in vitro study,Geomagic Wrap,Liu 等 - 2025 - Comparing the accuracy and treatment time of a robotic and dynamic navigation system in osteotomy an-1.pdf,A_原标注软件在全文出现,Geomagic Wrap; Geomagic wrap
An automatic approach to establish clinically desired final dental occlusion for one-piece maxillary orthognathic surgery.,an automatic approach to establish clinically desired final dental occlusion for one piece maxillary orthognathic surgery,Blender,Deng 等 - 2020 - An automatic approach to establish clinically desired final dental occlusion for one-piece maxillary.pdf,C_全文未出现任何非牙科3D软件名,
Contactless surface registration of featureless anatomy using structured light camera: application to fibula navigation in mandible reconstruction.,contactless surface registration of featureless anatomy using structured light camera application to fibula navigation in mandible reconstruction,3D Slicer;CloudCompare,Cuau 等 - 2023 - Contactless surface registration of featureless anatomy using structured light camera application t.pdf,A_原标注软件在全文出现,3D Slicer; CloudCompare; cloudcompare
Fibular registration using surface matching in navigation-guided osteotomies: a proof of concept study on 3D-printed models.,fibular registration using surface matching in navigation guided osteotomies a proof of concept study on 3d printed models,3D Slicer,de Boutray 等 - 2022 - Fibular registration using surface matching in navigation-guided osteotomies a proof of concept stu.pdf,A_原标注软件在全文出现,3D Slicer; Brainlab; CloudCompare; Solidworks; cloudcompare; slicer
Computer-aided design and fabrication of nasal prostheses: a semi-automated algorithm using statistical shape modeling,computer aided design and fabrication of nasal prostheses a semi automated algorithm using statistical shape modeling,Meshmixer,Bannink 等 - 2024 - Computer-aided design and fabrication of nasal prostheses a semi-automated algorithm using statisti.pdf,A_原标注软件在全文出现,Meshmixer; meshmixer
Depth-based registration of 3D preoperative models to intraoperative patient anatomy using the HoloLens 2,depth based registration of 3d preoperative models to intraoperative patient anatomy using the hololens 2,3D Slicer,Kerkhof 等 - 2025 - Depth-based registration of 3D preoperative models to intraoperative patient anatomy using the HoloL.pdf,A_原标注软件在全文出现,3D Slicer; slicer; unity
Automated calculation of ontology-based planning proposals: An application in reconstructive oral and maxillofacial surgery,automated calculation of ontology based planning proposals an application in reconstructive oral and maxillofacial surgery,CloudCompare,Hagen 等 - 2023 - Automated calculation of ontology-based planning proposals An application in reconstructive oral an.pdf,A_原标注软件在全文出现,CloudCompare
The development of computer-aided patient-specific template design software for 3D printing in cranio-maxillofacial surgery,the development of computer aided patient specific template design software for 3d printing in cranio maxillofacial surgery,ug;Geomagic Studio,Memon 等 - 2021 - The development of computer‐aided patient‐specific template design software for 3D printing in crani.pdf,A_原标注软件在全文出现,Geomagic Studio; Geomagic studio; Magics; Mimics; Solidworks
Marker-free registration for intraoperative navigation using the transverse palatal rugae,marker free registration for intraoperative navigation using the transverse palatal rugae,3D Slicer;Blender;Meshmixer,Thiem 等 - 2022 - Marker‐free registration for intraoperative navigation using the transverse palatal rugae.pdf,A_原标注软件在全文出现,Blender; Brainlab; Meshmixer; blender; slicer
Three-Dimensional Evaluation of the Accuracy of Zygomatic Implant Placement Through an In-House Fully Guided Approach.,three dimensional evaluation of the accuracy of zygomatic implant placement through an in house fully guided approach,Meshmixer,Hernández-Alfaro 等 - 2023 - Three-Dimensional Evaluation of the Accuracy of Zygomatic Implant Placement Through an In-House Full.pdf,A_原标注软件在全文出现,Meshmixer
"Virtual Implant Planning and Surgical Guide for Single Implant Placement Fabricated from a Digital Diagnostic Cast, 2D Radiographic Imaging, and an Open-Source Program: A Dental Technique",virtual implant planning and surgical guide for single implant placement fabricated from a digital diagnostic cast 2d radiographic imaging and an open source program a dental technique,Meshmixer,Stumpel 等 - 2024 - Virtual Implant Planning and Surgical Guide for Single Implant Placement Fabricated from a Digital D.pdf,A_原标注软件在全文出现,Meshmixer
"Comparison of Stress Distribution Among Standard Dental Implants Placed in Grafted Bone, Zygomatic Implants, and Subperiosteal Implants in the Atrophic Edentulous Maxilla: 3D Finite Element Analysis",comparison of stress distribution among standard dental implants placed in grafted bone zygomatic implants and subperiosteal implants in the atrophic edentulous maxilla 3d finite element analysis,3D-DOCTOR;Rhinoceros;VRMesh;ALGOR,"Keleş和Karaca - 2023 - Comparison of Stress Distribution Among Standard Dental Implants Placed in Grafted Bone, Zygomatic I.pdf",A_原标注软件在全文出现,3D-DOCTOR; Algor; Rhinoceros; VRMesh
Precise maxillectomy reconstruction with a scapula flap using novel in-house 3D-printed surgical guides.,precise maxillectomy reconstruction with a scapula flap using novel in house 3d printed surgical guides,3-Matic,Oide 等 - 2026 - Precise maxillectomy reconstruction with a scapula flap using novel in-house 3D-printed surgical gui.pdf,A_原标注软件在全文出现,3-matic
Soft tissue-based registration of intraoral scan with cone beam computed tomography scan,soft tissue based registration of intraoral scan with cone beam computed tomography scan,Meshmixer,Deferm 等 - 2022 - Soft tissue-based registration of intraoral scan with cone beam computed tomography scan.pdf,A_原标注软件在全文出现,Meshmixer
An innovative AI-based dual segmentation application for head surgery,an innovative ai based dual segmentation application for head surgery,Mimics,Beyer 等 - 2026 - An innovative AI-based dual segmentation application for head surgery.pdf,A_原标注软件在全文出现,Mimics
"WEAR, FATIGUE, AND FRACTURE RESISTANCE OF DIFFERENT MONOLITHIC CAD/CAM ONLAYS AS ABUTMENTS FOR ACETAL RESIN OR COBALT-CHROMIUM REMOVABLE PARTIAL DENTURE  FRAMEWORKS.",wear fatigue and fracture resistance of different monolithic cad cam onlays as abutments for acetal resin or cobalt chromium removable partial denture frameworks,Meshmixer,"Khalifa 等 - 2023 - Wear, Fatigue, and Fracture Resistance of Different Monolithic CADCAM Onlays as Abutments for Aceta.pdf",A_原标注软件在全文出现,Meshmixer; Netfabb
Voxel-based superimposition of Cone Beam CT scans for orthodontic and craniofacial follow-up: Overview and clinical implementation.,voxel based superimposition of cone beam ct scans for orthodontic and craniofacial follow up overview and clinical implementation,ITK-SNAP;3D Slicer,Dot 等 - 2020 - Voxel-based superimposition of Cone Beam CT scans for orthodontic and craniofacial follow-up Overvi.pdf,A_原标注软件在全文出现,3D Slicer; ITK-SNAP; ITK-Snap; slicer
Biomechanical Performance of PEEK and Graphene-Modified PMMA as Telescopic Removable Partial Denture Materials: A Nonlinear 3D Finite Element Analysis,biomechanical performance of peek and graphene modified pmma as telescopic removable partial denture materials a nonlinear 3d finite element analysis,Meshmixer;SpaceClaim;ANSYS,Hussein - 2022 - Biomechanical Performance of PEEK and Graphene-Modified PMMA as Telescopic Removable Partial Denture.pdf,A_原标注软件在全文出现,ANSYS; Meshmixer; SpaceClaim
BounTI (boundary-preserving threshold iteration): A user-friendly tool for automatic hard tissue segmentation.,bounti boundary preserving threshold iteration a user friendly tool for automatic hard tissue segmentation,Avizo;Amira,Didziokas 等 - 2024 - BounTI (boundary-preserving threshold iteration) A user-friendly tool for automatic hard tissue seg.pdf,A_原标注软件在全文出现,Amira; Avizo
Interdisciplinary innovative approach to an aggressive ossifying fibroma case: Integrating 3D surgery and customized reconstruction in maxillofacial and dental  care.,interdisciplinary innovative approach to an aggressive ossifying fibroma case integrating 3d surgery and customized reconstruction in maxillofacial and dental care,Brainlab,Aragón-Niño 等 - 2024 - Interdisciplinary innovative approach to an aggressive ossifying fibroma case Integrating 3D surger.pdf,A_原标注软件在全文出现,Brainlab
Restoring Mandibular Anatomy After Complex Trauma: Clinical Applications of a Statistical Shape Model,restoring mandibular anatomy after complex trauma clinical applications of a statistical shape model,Blender,Youssef 等 - 2026 - Restoring Mandibular Anatomy After Complex Trauma Clinical Applications of a Statistical Shape Mode.pdf,A_原标注软件在全文出现,Blender; Brainlab
A Reproducible 3D Classification of Orbital Morphology Derived from CBCT and FBCT Segmentation,a reproducible 3d classification of orbital morphology derived from cbct and fbct segmentation,RadiAnt DICOM Viewer;Meshmixer,Bielecka-Kowalska 等 - 2025 - A Reproducible 3D Classification of Orbital Morphology Derived from CBCT and FBCT Segmentation..pdf,A_原标注软件在全文出现,Meshmixer; RadiAnt; RadiAnt DICOM Viewer
No Significant Bone Resorption after Open Treatment of Mandibular Condylar Head Fractures in the Medium-Term,no significant bone resorption after open treatment of mandibular condylar head fractures in the medium term,MITK,Neuhaus 等 - 2022 - No Significant Bone Resorption after Open Treatment of Mandibular Condylar Head Fractures in the Med.pdf,A_原标注软件在全文出现,
Correlation Analysis of Nasal Septum Deviation and Results of AI-Driven Automated 3D Cephalometric Analysis,correlation analysis of nasal septum deviation and results of ai driven automated 3d cephalometric analysis,OsiriX,Kazimierczak 等 - 2023 - Correlation Analysis of Nasal Septum Deviation and Results of AI-Driven Automated 3D Cephalometric A.pdf,A_原标注软件在全文出现,OsiriX
A 3-D Finite Element Analysis of Stress Distribution on Implant-supported Fixed Prosthesis with Four Different Commercially Available Implant Systems.,a 3 d finite element analysis of stress distribution on implant supported fixed prosthesis with four different commercially available implant systems,CATIA;HyperMesh;ANSYS;Mimics,Kumar 等 - 2020 - A 3-D Finite Element Analysis of Stress Distribution on Implant-supported Fixed Prosthesis with Four.pdf,A_原标注软件在全文出现,ANSYS; CATIA; Geomagic; HYPERMESH; Hypermesh; MIMICS
Effect of Different Veneering Techniques on Mechanical Properties and Translucency of Zirconia Framework-veneer Ceramic Crowns.,effect of different veneering techniques on mechanical properties and translucency of zirconia framework veneer ceramic crowns,Magics,Sanad 等 - 2025 - Effect of Different Veneering Techniques on Mechanical Properties and Translucency of Zirconia Frame.pdf,C_全文未出现任何非牙科3D软件名,
Fully Digital Workflow for an Immediate Implant-Retained Prosthesis Following Maxillectomy Resection Surgery,fully digital workflow for an immediate implant retained prosthesis following maxillectomy resection surgery,Mimics,Jensen和Cheng - 2025 - Fully Digital Workflow for an Immediate Implant-Retained Prosthesis Following Maxillectomy Resection.pdf,A_原标注软件在全文出现,Mimics
Biomechanical Behavior of Different Distributions of Zygoma and Pterygoid Implants in Rehabilitation of Severely Atrophic Posterior Maxilla: A 3D Finite Element Analysis,biomechanical behavior of different distributions of zygoma and pterygoid implants in rehabilitation of severely atrophic posterior maxilla a 3d finite element analysis,SolidWorks;ANSYS,Darwish 等 - 2025 - Biomechanical Behavior of Different Distributions of Zygoma and Pterygoid Implants in Rehabilitation.pdf,A_原标注软件在全文出现,ANSYS; Solidworks
Effect of the number and distribution of fiducial markers on the accuracy of robot-guided implant surgery in edentulous mandibular arches: An in vitro study.,effect of the number and distribution of fiducial markers on the accuracy of robot guided implant surgery in edentulous mandibular arches an in vitro study,Rhinoceros,Zhao 等 - 2023 - Effect of the number and distribution of fiducial markers on the accuracy of robot-guided implant su.pdf,A_原标注软件在全文出现,Rhinoceros
Feasibility and accuracy of a partial point cloud registration method for transoral robot-assisted surgery of zygoma fracture: A phantom study,feasibility and accuracy of a partial point cloud registration method for transoral robot assisted surgery of zygoma fracture a phantom study,Mimics;MeshLab,Liu 等 - 2026 - Feasibility and accuracy of a partial point cloud registration method for transoral robot-assisted s.pdf,A_原标注软件在全文出现,Geomagic Qualify; Meshlab; Mimics
"Comparison of the accuracy of static and dynamic computer-assisted implant surgery in extraction sockets, encased healed sites, and distal extension: an in vitro study",comparison of the accuracy of static and dynamic computer assisted implant surgery in extraction sockets encased healed sites and distal extension an in vitro study,Geomagic Design X,Marceron 等 - 2025 - Comparison of the accuracy of static and dynamic computer-assisted implant surgery in extraction soc.pdf,A_原标注软件在全文出现,Geomagic Design X
DentalSegmentator: Robust open source deep learning-based CT and CBCT image segmentation,dentalsegmentator robust open source deep learning based ct and cbct image segmentation,3D Slicer,Dot 等 - 2024 - DentalSegmentator Robust open source deep learning-based CT and CBCT image segmentation.pdf,A_原标注软件在全文出现,3D Slicer; Slicer; slicer
Layered deep learning for automatic mandibular segmentation in cone-beam computed tomography,layered deep learning for automatic mandibular segmentation in cone beam computed tomography,Mimics,Verhelst 等 - 2021 - Layered deep learning for automatic mandibular segmentation in cone-beam computed tomography.pdf,A_原标注软件在全文出现,Mimics
A straightforward protocol for designing an interim hollow shell with open-source software,a straightforward protocol for designing an interim hollow shell with open source software,Meshmixer,Figueras-Alvarez 等 - 2021 - A straightforward protocol for designing an interim hollow shell with open-source software.pdf,A_原标注软件在全文出现,Meshmixer
Intelligent Virtual Dental Implant Placement via 3D Segmentation Strategy,intelligent virtual dental implant placement via 3d segmentation strategy,Mimics,Cai 等 - Intelligent Virtual Dental Implant Placement via 3D Segmentation Strategy.pdf,A_原标注软件在全文出现,Mimics
Effect of three different veneering techniques on the stress distribution and in vitro fatigue behavior of core-veneer all-ceramic fixed partial dentures.,effect of three different veneering techniques on the stress distribution and in vitro fatigue behavior of core veneer all ceramic fixed partial dentures,Rhinoceros;ANSYS,Borges 等 - 2021 - Effect of three different veneering techniques on the stress distribution and in vitro fatigue behav.pdf,A_原标注软件在全文出现,ANSYS; Rhinoceros
A Novel Approach to Repositioning and Stabilization of a Luxated Tooth With Displacement Using a 3D Printed Guide,a novel approach to repositioning and stabilization of a luxated tooth with displacement using a 3d printed guide,Mimics;3-Matic,Jha 等 - 2022 - A Novel Approach to Repositioning and Stabilization of a Luxated Tooth With Displacement Using a 3D.pdf,A_原标注软件在全文出现,3-Matic; Mimics
3D superimposition of human dentition contours in personal identification: A preliminary study,3d superimposition of human dentition contours in personal identification a preliminary study,MeshLab,Yu 等 - 2024 - 3D superimposition of human dentition contours in personal identification A preliminary study.pdf,A_原标注软件在全文出现,MeshLab
A Slicer-Independent Framework for Measuring G-Code Accuracy in Medical 3D Printing.,a slicer independent framework for measuring g code accuracy in medical 3d printing,PrusaSlicer;Cura;Simplify3D;Slicer;Fusion 360,Beyer 等 - 2026 - A Slicer-Independent Framework for Measuring G-Code Accuracy in Medical 3D Printing..pdf,A_原标注软件在全文出现,3-Matic; Abaqus; Fusion 360; Mimics; PrusaSlicer; Simplify3D; Slicer; slicer
The Integration of Micro-CT Imaging and Finite Element Simulations for Modelling Tooth-Inlay Systems for Mechanical Stress Analysis: A Preliminary Study,the integration of micro ct imaging and finite element simulations for modelling tooth inlay systems for mechanical stress analysis a preliminary study,VGStudio MAX;Meshmixer,Nikolova 等 - 2025 - The Integration of Micro-CT Imaging and Finite Element Simulations for Modelling Tooth-Inlay Systems.pdf,A_原标注软件在全文出现,ANSYS; Meshmixer; VGSTUDIO MAX
"Comparative evaluation to study the effect of implant support on complete fixed dental prosthesis fabricated with peek framework when implants placed in all-on-4  and all-on-6 situation, by strain gauge analysis and finite element analysis - An  in vitro study.",comparative evaluation to study the effect of implant support on complete fixed dental prosthesis fabricated with peek framework when implants placed in all on 4 and all on 6 situation by strain gauge analysis and finite element analysis an in vitro study,ANSYS,Vinodh 等 - 2023 - Comparative evaluation to study the effect of implant support on complete fixed dental prosthesis fa.pdf,A_原标注软件在全文出现,Ansys
Patient-Specific SubperiostealTitanium Implant for Maxillary Reconstruction Following Oncologic Resection: A One-Year Follow-Up Case Report,patient specific subperiostealtitanium implant for maxillary reconstruction following oncologic resection a one year follow up case report,Mimics,Gerçek 等 - 2025 - Patient-Specific Subperiosteal Titanium Implant for Maxillary Reconstruction Following Oncologic Res.pdf,A_原标注软件在全文出现,Mimics
Accuracy of impressions for multiple implants: A comparative study of digital and conventional techniques.,accuracy of impressions for multiple implants a comparative study of digital and conventional techniques,Geomagic Studio,Lyu 等 - 2022 - Accuracy of impressions for multiple implants A comparative study of digital and conventional techn.pdf,A_原标注软件在全文出现,Geomagic Studio
A Novel Digital Technique for Measuring the Accuracy of an Indirect Bonding Technique Using Fixed Buccal Multibracket Appliances,a novel digital technique for measuring the accuracy of an indirect bonding technique using fixed buccal multibracket appliances,Midas,Faus-Matoses 等 - 2021 - A Novel Digital Technique for Measuring the Accuracy of an Indirect Bonding Technique Using Fixed Bu.pdf,A_原标注软件在全文出现,Geomagic; Midas
Micro-CT analysis of marginal and internal fit of milled and pressed polyetheretherketone single crowns,micro ct analysis of marginal and internal fit of milled and pressed polyetheretherketone single crowns,VGStudio MAX,Attia 等 - 2023 - Micro-CT analysis of marginal and internal fit of milled and pressed polyetheretherketone single cro.pdf,A_原标注软件在全文出现,VGStudio MAX
An open-source multifunctional registration device for implant-supported complete dentures,an open source multifunctional registration device for implant supported complete dentures,Meshmixer,Stumpel - 2021 - An open-source multifunctional registration device for implant-supported complete dentures..pdf,A_原标注软件在全文出现,Meshmixer
Trueness of removable partial denture frameworks additively manufactured with selective laser melting,trueness of removable partial denture frameworks additively manufactured with selective laser melting,Geomagic Control X,Peng 等 - 2022 - Trueness of removable partial denture frameworks additively manufactured with selective laser meltin.pdf,A_原标注软件在全文出现,Geomagic; Geomagic Control X
Adaptation of cobalt chromium frameworks fabricated by conventional versus selective laser melting techniques: An in vitro and clinical assessment,adaptation of cobalt chromium frameworks fabricated by conventional versus selective laser melting techniques an in vitro and clinical assessment,GOM Inspect,Elhadery 等 - 2024 - Adaptation of cobalt chromium frameworks fabricated by conventional versus selective laser melting t.pdf,A_原标注软件在全文出现,GOM Inspect
Three-dimensional in vivo and finite element analyses of peri-implant bone remodeling after superstructure placement,three dimensional in vivo and finite element analyses of peri implant bone remodeling after superstructure placement,Simpleware,Assoratgoon 等 - 2025 - Three-dimensional in vivo and finite element analyses of peri-implant bone remodeling after superstr.pdf,A_原标注软件在全文出现,ABAQUS; Simpleware
An integrated hollow bulb obturator prosthesis with a metal framework for a soft palate defect fabricated by multiple digital techniques,an integrated hollow bulb obturator prosthesis with a metal framework for a soft palate defect fabricated by multiple digital techniques,Geomagic Wrap,Liu 等 - 2025 - An integrated hollow bulb obturator prosthesis with a metal framework for a soft palate defect fabri.pdf,A_原标注软件在全文出现,Geomagic Wrap
Use of intraoral scan for implant-supported dental prosthesis to design and fabricate a CAD -CAM veri fi cation device: A dental technique,use of intraoral scan for implant supported dental prosthesis to design and fabricate a cad cam veri fi cation device a dental technique,Meshmixer,Su 等 - 2021 - Use of intraoral scan for implant-supported dental prosthesis to design and fabricate a CAD-CAM veri.pdf,A_原标注软件在全文出现,Meshmixer
Influence of abutment types on the success of two-unit implant-supported fixed dental prostheses: A three-dimensional finite element analysis and fatigue test combined with microleakage evaluation,influence of abutment types on the success of two unit implant supported fixed dental prostheses a three dimensional finite element analysis and fatigue test combined with microleakage evaluation,Mimics;Creo;HyperMesh;ABAQUS,Qiu 等 - 2025 - Influence of abutment types on the success of two-unit implant-supported fixed dental prostheses A.pdf,A_原标注软件在全文出现,Abaqus; Hypermesh; Mimics
Time efficiency and precision of splinted complete arch implant scanning,time efficiency and precision of splinted complete arch implant scanning,GOM Inspect;R2 Gate,Abdelrehim 等 - 2025 - Time efficiency and precision of splinted complete arch implant scanning.pdf,A_原标注软件在全文出现,GOM inspect; R2 Gate
"Accuracy of registration between digitized extraoral scan bodies and virtual casts: Effect of the edentulous area, tooth anatomy, and registration method",accuracy of registration between digitized extraoral scan bodies and virtual casts effect of the edentulous area tooth anatomy and registration method,Geomagic Control X,Ntovas 等 - 2025 - Accuracy of registration between digitized extraoral scan bodies and virtual casts Effect of the ed.pdf,A_原标注软件在全文出现,Geomagic; Geomagic Control X
Effect of the CBCT data segmentation threshold on registration accuracy with surface scanning,effect of the cbct data segmentation threshold on registration accuracy with surface scanning,Geomagic Wrap,Lo Russo 等 - 2026 - Effect of the CBCT data segmentation threshold on registration accuracy with surface scanning.pdf,A_原标注软件在全文出现,GOM Inspect; Geomagic Wrap
Complete denture fabrication with polyetherketoneketone as a framework material: A clinical report,complete denture fabrication with polyetherketoneketone as a framework material a clinical report,SOLID EDGE;Geomagic Control X,Ding 等 - 2022 - Complete denture fabrication with polyetherketoneketone as a framework material A clinical report..pdf,C_全文未出现任何非牙科3D软件名,
Effect of customized abutment taper configuration on bone remodeling and peri-implant tissue around implant-supported single crown: A 3D nonlinear finite element study,effect of customized abutment taper configuration on bone remodeling and peri implant tissue around implant supported single crown a 3d nonlinear finite element study,SolidWorks;Rhinoceros,Poovarodom 等 - 2024 - Effect of customized abutment taper configuration on bone remodeling and peri‐implant tissue around.pdf,A_原标注软件在全文出现,ANSYS; Rhinoceros; SolidWorks
Best-Fit Algorithm Influences on Virtual Casts' Alignment Discrepancies.,best fit algorithm influences on virtual casts alignment discrepancies,Geomagic Control X,Revilla-León 等 - 2023 - Best-Fit Algorithm Influences on Virtual Casts' Alignment Discrepancies..pdf,A_原标注软件在全文出现,Geomagic Control; Geomagic Control X
Implant-Abutment Discrepancy Before and After Acrylic Resin Veneering of Complete-Arch Titanium Frameworks Manufactured Using Milling and Electron Beam Melting Technologies,implant abutment discrepancy before and after acrylic resin veneering of complete arch titanium frameworks manufactured using milling and electron beam melting technologies,Calypso,Revilla‐León 等 - 2022 - Implant‐Abutment Discrepancy Before and After Acrylic Resin Veneering of Complete‐Arch Titanium Fram.pdf,A_原标注软件在全文出现,Calypso
Comparison of denture base adaptation between additive and conventional fabrication techniques,comparison of denture base adaptation between additive and conventional fabrication techniques,Blender;GOM Inspect,Tosun 等 - 2023 - Comparison of denture base adaptation between additive and conventional fabrication techniques..pdf,A_原标注软件在全文出现,Blender; GOM Inspect
Accuracy of Guided Implant Surgery in 25 Edentulous Arches: A Laboratory Observational Study,accuracy of guided implant surgery in 25 edentulous arches a laboratory observational study,Geomagic Control X,Ben Yehuda 等 - 2020 - Accuracy of Guided Implant Surgery in 25 Edentulous Arches A Laboratory Observational Study..pdf,A_原标注软件在全文出现,Geomagic; Geomagic Control X
The influence of metal artifact reduction on the trueness of registration of a cone-beam computed tomography scan with an intraoral scan in the presence of severe restoration artifact,the influence of metal artifact reduction on the trueness of registration of a cone beam computed tomography scan with an intraoral scan in the presence of severe restoration artifact,Meshmixer,Biun 等 - 2024 - The influence of metal artifact reduction on the trueness of registration of a cone‐beam computed to.pdf,A_原标注软件在全文出现,Meshmixer
Flexural properties and fatigue limit of 3D-printed and milled resin-based materials,flexural properties and fatigue limit of 3d printed and milled resin based materials,Meshmixer,Sartori 等 - 2025 - Flexural properties and fatigue limit of 3D-printed and milled resin-based materials.pdf,A_原标注软件在全文出现,Meshmixer; inventor
