_nt,Key,Title,排除原因
increased deformations are dispensable for cell mechanoresponse in engineered bone analogs mimicking aging bone marrow,P5U2KFAM,Increased deformations are dispensable for cell mechanoresponse in engineered bone analogs mimicking aging bone marrow.,不属于口腔医学范畴
toothsegnet image degradation meets tooth segmentation in cbct images,9W9E5HVY,Toothsegnet: Image Degradation Meets Tooth Segmentation in CBCT Images,未使用非牙科专用3D软件
open source 3d printable iol holder for detailed smartphone based anterior segment photography,QVUWC6BB,"Open-source, 3D printable IOL holder for detailed, smartphone-based anterior segment photography",不属于口腔医学范畴
a novel artificial intelligence based approach for quantitative assessment of angiogenesis in the ex ovo cam model,9RG8ZHBS,A Novel Artificial Intelligence-Based Approach for Quantitative Assessment of Angiogenesis in the Ex Ovo CAM Model,不属于口腔医学范畴
accuracy of static computer assisted implant placement in posterior edentulous areas with different levels of tooth support by novice clinicians,69LQ9WZ4,Accuracy of Static Computer- Assisted Implant Placement in Posterior Edentulous Areas with Different Levels of Tooth- Support by Novice Clinicians.,未使用非牙科专用3D软件
effective removal of pb2 from oral medical wastewater via an activated three dimensional framework carbon 3d afc,HVBNRLAV,Effective removal of Pb2+ from oral medical wastewater via an activated three-dimensional framework carbon (3D AFC),不属于口腔医学范畴
growth allometry and dental topography in upper triassic conodonts support trophic differentiation and molar like element function,MZW42EWD,Growth allometry and dental topography in Upper Triassic conodonts support trophic differentiation and molar-like element function,不属于口腔医学范畴
leveraging solid solubility and miscibility of etoricoxib in soluplus towards manufacturing of 3d printed etoricoxib tablets by additive manufacturing,5BZNI5MC,Leveraging solid solubility and miscibility of etoricoxib in Soluplus? towards manufacturing of 3D printed etoricoxib tablets by additive manufacturing,不属于口腔医学范畴
the impact of mixed reality training method on novice trainees of dental implants an in vitro study,S22NI99I,The impact of mixed reality training method on novice trainees of dental implants: an in vitro study,未使用非牙科专用3D软件
accuracy of impressions and framework marginal fit of implant supported complete arch fixed dental prostheses fabricated by using direct and indirect workflows,537TYRHV,Accuracy of impressions and framework marginal fit of implant-supported complete-arch fixed dental prostheses fabricated by using direct and indirect  workflows.,未使用非牙科专用3D软件
3d printing combined with thermally induced phase separation for engineering hierarchical osteogenic pla scaffolds,TSGU9522,3D printing combined with thermally induced phase separation for engineering hierarchical osteogenic PLA scaffolds.,不属于口腔医学范畴
interrogating matrix stiffness and metabolomics in pancreatic ductal carcinoma using an openable microfluidic tumor on a chip,F57EZPWW,Interrogating Matrix Stiffness and Metabolomics in Pancreatic Ductal Carcinoma Using an Openable Microfluidic Tumor-on-a-Chip,不属于口腔医学范畴
automated classification of oral potentially malignant disorders and oral squamous cell carcinoma using a convolutional neural network framework a cross sectional study,VPIZQDAL,Automated classification of oral potentially malignant disorders and oral squamous cell carcinoma using a convolutional neural network framework: a  cross-sectional study.,未使用非牙科专用3D软件
efficient registration of intraoral point clouds using 3 d spatial consistent grouping method with global optimization,CLJ8NKK8,Efficient Registration of Intraoral Point Clouds Using 3-D Spatial Consistent Grouping Method With Global Optimization,未使用非牙科专用3D软件
finite element analysis and optimization of the mechanical properties of polyetheretherketone peek clasps for removable partial dentures,H6N9BYSN,Finite-element analysis and optimization of the mechanical properties of polyetheretherketone (PEEK) clasps for removable partial dentures,不在预设时间窗内
three dimensional evaluation of maxillofacial symmetry improvement following orthognathic surgery in patients with asymmetrical jaw deformities,TIDGASTP,Three-dimensional evaluation of maxillofacial symmetry improvement following orthognathic surgery in patients with asymmetrical jaw deformities.,未使用非牙科专用3D软件
automated detection of dental artifacts for large scale radiomic analysis in radiation oncology,36H4R42E,Automated detection of dental artifacts for large-scale radiomic analysis in radiation oncology.,不属于口腔医学范畴
noninvasive total cholesterol level measurement using an e nose system and machine learning on exhaled breath samples,WHLDYICG,Noninvasive Total Cholesterol Level Measurement Using an E-Nose System and Machine Learning on Exhaled Breath Samples,不属于口腔医学范畴
normal growth sexual dimorphism and lateral asymmetries at fetal brain mri,4DYJD7NR,"Normal Growth, Sexual Dimorphism, and Lateral Asymmetries at Fetal Brain MRI",不属于口腔医学范畴
automatic femoral articular cartilage segmentation using deep learning in three dimensional ultrasound images of the knee,BBG7VQM6,Automatic femoral articular cartilage segmentation using deep learning in three-dimensional ultrasound images of the knee.,不属于口腔医学范畴
positron emission tomography based intratumoral spatial diversity for prognosis in nasopharyngeal carcinoma,WXVAEGB8,Positron emission tomography-based intratumoral spatial diversity for prognosis in nasopharyngeal carcinoma,不属于口腔医学范畴
surface roughness and preload loss of implant supported screw retained three unit framework fabricated by different techniques,Y3QHHC7Y,Surface roughness and preload loss of implant-supported screw retained three-unit framework fabricated by different techniques,未使用非牙科专用3D软件
efficacy of ai enabled software in automatic segmentation for orthognathic surgery,7LLG4STI,Efficacy of Ai Enabled Software in Automatic Segmentation for Orthognathic Surgery.,文献类型不符（综述/社论/会议摘要等）
accuracy of automatic and manual dynamic navigation registration techniques for dental implant surgery in posterior sites missing a single tooth a retrospective clinical analysis,X6NG9MRZ,Accuracy of automatic and manual dynamic navigation registration techniques for dental implant surgery in posterior sites missing a single tooth: A retrospective clinical analysis,未使用非牙科专用3D软件
evaluating the effectiveness of large language models in addressing patient queries regarding maxillomandibular fixation for maxillofacial fractures,MLRQPJHS,Evaluating the Effectiveness of Large Language Models in Addressing Patient Queries Regarding Maxillomandibular Fixation for Maxillofacial Fractures,未使用非牙科专用3D软件
comparison of the overall fit of three unit posterior fixed dental prostheses fabricated with laser sintering and conventional casting methods,WTXDAWTN,Comparison of the overall fit of three-unit posterior fixed dental prostheses fabricated with laser sintering and conventional casting methods,未使用非牙科专用3D软件
enabling complex fibre geometries using 3d printed axon mimetic phantoms,5QNKAX9U,Enabling Complex Fibre Geometries Using 3D Printed Axon-Mimetic Phantoms,不属于口腔医学范畴
pasegnet integrating dual awareness of position and boundary on 3d dental meshes for tooth instance segmentation,FVFBH2KA,PASegNet: Integrating dual awareness of position and boundary on 3D dental meshes for tooth instance segmentation,未使用非牙科专用3D软件
a systematic review of digital removable partial dentures part ii cad cam framework artificial teeth and denture base,4C8YNE69,"A systematic review of digital removable partial dentures. Part II: CAD/CAM framework, artificial teeth, and denture base",文献类型不符（综述/社论/会议摘要等）
objective characterization of dental occlusal and fissure morphologies method development and exploratory analysis,LSHIDCRW,Objective characterization of dental occlusal and fissure morphologies: Method development and exploratory analysis,未使用非牙科专用3D软件
full mouth rehabilitation of a patient with implant supported fixed dental prostheses using cad cam frameworks,8EJ8L3BS,Full-mouth rehabilitation of a patient with implant-supported fixed dental prostheses using CAD-CAM frameworks.,未使用非牙科专用3D软件
fitness accuracy and retentive forces of additive manufactured titanium clasp,4IYETYX2,Fitness accuracy and retentive forces of additive manufactured titanium clasp,未使用非牙科专用3D软件
influence of different education approaches on the implantation performance of dental practitioners in aesthetic zone,ZPHWMMKX,Influence of different education approaches on the implantation performance of dental practitioners in aesthetic zone.,文献类型不符（综述/社论/会议摘要等）
design and validation of a high fidelity left atrial cardiac simulator for the study and advancement of left atrial appendage occlusion,LMQDB4W2,Design and Validation of a High-Fidelity Left Atrial Cardiac Simulator for the Study and Advancement of Left Atrial Appendage Occlusion,不属于口腔医学范畴
positional trueness of three removable die designs with different root geometries manufactured using stereolithographic 3d printing,NLELJUTF,Positional trueness of three removable die designs with different root geometries manufactured using stereolithographic 3D printing,未使用非牙科专用3D软件
hierarchical self supervised learning for 3d tooth segmentation in intra oral mesh scans,EED4NH95,Hierarchical Self-Supervised Learning for 3D Tooth Segmentation in Intra-Oral Mesh Scans,未使用非牙科专用3D软件
prospective study on the localization of anterolateral thigh perforator vessel based on mixed reality and artificial algorithm,7CZBUA54,Prospective study on the localization of anterolateral thigh perforator vessel based on mixed reality and artificial algorithm.,不属于口腔医学范畴
influence of digital technologies and framework design on the load to fracture of co cr posterior fixed partial denture frameworks,N8MVKDJM,Influence of Digital Technologies and Framework Design on the Load to Fracture of Co-Cr Posterior Fixed Partial Denture Frameworks.,未使用非牙科专用3D软件
agglomeration effect on biomechanical performance of cnt reinforced dental implant using micromechanics based approach,CP9K9238,Agglomeration effect on biomechanical performance of CNT-reinforced dental implant using micromechanics-based approach,未使用非牙科专用3D软件
3d dental biometrics automatic pose invariant dental arch extraction and matching,VHPL5MDY,3D Dental Biometrics: Automatic Pose-invariant Dental Arch Extraction and Matching,未使用非牙科专用3D软件
digital implantology a review of virtual planning software for guided implant surgery part ii prosthetic set up and virtual implant planning,WSEGYC4K,Digital implantology-a review of virtual planning software for guided implant surgery. Part II: Prosthetic set-up and virtual implant planning,文献类型不符（综述/社论/会议摘要等）
degradation tunable coating with sustained silver release for spinal implants to prevent postoperative infections,4SMAJFLQ,Degradation-tunable coating with sustained silver release for spinal implants to prevent postoperative infections.,不属于口腔医学范畴
the mechanosensing and global dna methylation of human osteoblasts on mew fibers,GDR8KPPZ,The Mechanosensing and Global DNA Methylation of Human Osteoblasts on MEW Fibers.,未使用非牙科专用3D软件
deep learning segmentation of mandible with lower dentition from cone beam ct,UN4CD2I2,Deep learning segmentation of mandible with lower dentition from cone beam CT,未使用非牙科专用3D软件
accuracy of guided implant surgery obtained using 3d printed surgical guides an in vitro comparison of four evaluation methods,2TPBCDEY,Accuracy of guided implant surgery obtained using 3D-printed surgical guides - An in vitro comparison of four evaluation methods,未使用非牙科专用3D软件
the relevance of intraoral scanner ios for periodontal diagnosis a scoping review,QFG24RI9,The relevance of intraoral scanner (IOS) for periodontal diagnosis: A scoping review,文献类型不符（综述/社论/会议摘要等）
deep learning for automatic segmentation of the inferior alveolar nerve using a hybrid cnn transformer framework,JNXPDRMH,Deep learning for automatic segmentation of the inferior alveolar nerve using a hybrid CNN-transformer framework.,未使用非牙科专用3D软件
decellularized bone matrix enriched 3d printed gelma scaffold as a cell homing platform analysis using an artificial pulp chamber model,ZLXKNJ5X,Decellularized bone matrix-enriched 3D-printed GelMA scaffold as a cell-homing platform: analysis using an artificial pulp chamber model,未使用非牙科专用3D软件
3d printing in biomedical engineering processes materials and applications,9JVIWUY9,"3D printing in biomedical engineering: Processes, materials, and applications",文献类型不符（综述/社论/会议摘要等）
evaluation of retentive forces in three types of removable partial denture framework materials an in vitro study,WZ6Q7HD6,Evaluation of Retentive Forces in Three Types of Removable Partial Denture Framework Materials: An In Vitro Study.,未使用非牙科专用3D软件
a novel technique to retrieve cement retained implant supported prosthesis with digital imaging a technical report,6MA2TRFI,A Novel Technique to Retrieve Cement Retained Implant Supported Prosthesis with Digital Imaging: A Technical Report.,文献类型不符（综述/社论/会议摘要等）
the design and development of a novel device that converts a patient controlled intravenous pump into an oral liquid medication dispenser for non controlled substances,5BXZT5HW,The Design and Development of a Novel Device that Converts a Patient-Controlled Intravenous Pump into an Oral Liquid Medication Dispenser for Non-Controlled  Substances.,不属于口腔医学范畴
a comprehensive narrative review exploring the current landscape of digital complete denture technology and advancements,UF76VYHR,A comprehensive narrative review exploring the current landscape of digital complete denture technology and advancements,文献类型不符（综述/社论/会议摘要等）
deep convolutional neural network algorithm for the automatic segmentation of oral potentially malignant disorders and oral cancers,SM9U5C7J,Deep convolutional neural network algorithm for the automatic segmentation of oral potentially malignant disorders and oral cancers,未使用非牙科专用3D软件
artificial intelligence guided occlusion reconstruction in nonoccluding cbct a validation study,LSXTAGI2,Artificial intelligence guided occlusion reconstruction in nonoccluding CBCT: A validation study.,其他
automatic digital design of the occlusal anatomy of monolithic zirconia crowns compared to dental technicians digital waxing a controlled clinical trial,4WN7X8V9,Automatic Digital Design of the Occlusal Anatomy of Monolithic Zirconia Crowns Compared to Dental Technicians' Digital Waxing: A Controlled Clinical Trial,未使用非牙科专用3D软件
a multi stage automatic framework for fracture fragments segmentation of zygomatic bone and arch,XWQH8X5W,A Multi-Stage Automatic Framework for Fracture Fragments Segmentation of Zygomatic Bone and Arch,未使用非牙科专用3D软件
trueness of 3d printed removable partial denture frameworks investigation of printing parameters and storage conditions,YE44L72D,Trueness of 3D printed removable partial denture frameworks: Investigation of printing parameters and storage conditions.,未使用非牙科专用3D软件
advancing wire arc additive manufacturing a new era of precision and efficiency in large metal component production,I2NS6IIL,Advancing Wire Arc Additive Manufacturing: A New Era of Precision and Efficiency in Large Metal Component Production,不属于口腔医学范畴
a modular phantom and software to characterize 3d geometric distortion in mri,3H84KYQG,A modular phantom and software to characterize 3D geometric distortion in MRI,不属于口腔医学范畴
the effect of common dental fixtures on treatment planning and delivery for head and neck intensity modulated proton therapy,9QILX753,The effect of common dental fixtures on treatment planning and delivery for head and neck intensity modulated proton therapy,不属于口腔医学范畴
prosthetic rehabilitation of untailored defects using patient specific implants,YKE5IFLZ,Prosthetic rehabilitation of untailored defects using patient-specific implants.,文献类型不符（综述/社论/会议摘要等）
bioimpedance sensing surgical drill computational modelling and experimental validation,KD6XD5UU,Bioimpedance Sensing Surgical Drill – Computational Modelling and Experimental Validation,未使用非牙科专用3D软件
assessment of the expressions of facial paralysis using pointnet a deep learning approach for 3d facial point cloud analysis,38YNWRV5,Assessment of The Expressions of Facial Paralysis Using PointNet: A Deep Learning Approach for 3D Facial Point Cloud Analysis,不属于口腔医学范畴
evaluation of the marginal gap and the three dimensional trueness of suprastructures generated from scanning two different substructure framework materials for full arch implant supported restorations,9748Z4FC,Evaluation of the marginal gap and the three-dimensional trueness of suprastructures generated from scanning two different substructure framework materials for full arch implant-supported restorations,未使用非牙科专用3D软件
position of digitally guided implants in completely edentulous maxillae by using a modified double scan and overlap of three digital surface protocol,RXN9D6EM,Position of digitally guided implants in completely edentulous maxillae by using a modified double-scan and overlap of three digital surface protocol.,未使用非牙科专用3D软件
optimizing resin shrinkage in additive manufacturing through supervised pathways leveraging machine learning in dentistry,HUMYEQ95,Optimizing resin shrinkage in additive manufacturing through supervised pathways: Leveraging machine learning in dentistry,未使用非牙科专用3D软件
prostate cancer volume segmentation in multiparametric mri scans using optimized 3d dense cnn architectures,D9PVWCIA,Prostate Cancer Volume Segmentation in Multiparametric MRI Scans Using Optimized 3D Dense CNN Architectures,不属于口腔医学范畴
engineering function in lung biology integrating imaging regenerative constructs and functional biodesign,X5I9XSAI,"Engineering function in lung biology: integrating imaging, regenerative constructs, and functional biodesign",不属于口腔医学范畴
removable complete denture with a metal base integration of digital design and conventional fabrication techniques,UPIIQ5SQ,Removable complete denture with a metal base: Integration of digital design and conventional fabrication techniques,未使用非牙科专用3D软件
3d markerless tracking of speech movements with submillimeter accuracy,AZVQHWIR,3D markerless tracking of speech movements with submillimeter accuracy.,不属于口腔医学范畴
three dimensional printing in cardiothoracic surgery workflow and clinical applications,26QBFLTE,Three-Dimensional Printing in Cardiothoracic Surgery: Workflow and Clinical Applications.,不属于口腔医学范畴
dexamethasone long term controlled release from injectable dual network hydrogels with porous microspheres immunomodulation promotes bone regeneration,4AC7V4HM,Dexamethasone Long-Term Controlled Release from Injectable Dual-Network Hydrogels with Porous Microspheres Immunomodulation Promotes Bone Regeneration,不属于口腔医学范畴
increased rate of pseudarthrosis in the anterior intersegmental gap after mandibular reconstruction with fibula free flaps a volumetric analysis,M6X88YQR,Increased rate of pseudarthrosis in the anterior intersegmental gap after mandibular reconstruction with fibula free flaps: a volumetric analysis,未使用非牙科专用3D软件
spatiotemporal transcriptomic maps of whole mouse embryos at the onset of organogenesis,NI6YYPE6,Spatiotemporal transcriptomic maps of whole mouse embryos at the onset of organogenesis,不属于口腔医学范畴
computer guided surgical exposure of palatally displaced canines a technical note,XW74K3B8,Computer-guided surgical exposure of palatally displaced canines: a technical note,未使用非牙科专用3D软件
towards stem cell therapy for critical sized segmental bone defects current trends and challenges on the path to clinical translation,ZGNKACFT,Towards Stem Cell Therapy for Critical-Sized Segmental Bone Defects: Current Trends and Challenges on the Path to Clinical Translation,不属于口腔医学范畴
efficient toothar cascade autoregressive orthodontic treatment planning,A8LE7ALK,Efficient ToothAR: Cascade Autoregressive Orthodontic Treatment Planning,未使用非牙科专用3D软件
3d surface closed mesh clipping based on polygonal partitioning for surgical planning,KVJZEMMH,3D Surface-Closed Mesh Clipping Based on Polygonal Partitioning for Surgical Planning,未使用非牙科专用3D软件
maxillary sinus disease detection and analysis approaches in deep learning survey,G7XDUFQV,Maxillary Sinus Disease Detection and Analysis Approaches in Deep Learning: Survey,文献类型不符（综述/社论/会议摘要等）
predicting 3d post orthodontic facial outcomes with a diffusion model trained on unpaired datasets,L9XBQG6L,Predicting 3D Post-Orthodontic Facial Outcomes With a Diffusion Model Trained on Unpaired Datasets,未使用非牙科专用3D软件
deep learning based dental implant recognition using synthetic x ray images,AT4W22NR,Deep learning-based dental implant recognition using synthetic X-ray images,未使用非牙科专用3D软件
correlation of sectoral choroidal vascularity with angiographic leakage in central serous chorioretinopathy,UYLQDFMZ,Correlation of sectoral choroidal vascularity with angiographic leakage in central serous chorioretinopathy.,不属于口腔医学范畴
how to avoid errors when using navigation to place implants a narrative review,57ACGEMQ,How to Avoid Errors When Using Navigation to Place Implants - A Narrative Review.,文献类型不符（综述/社论/会议摘要等）
optimized design of a tooth simulating screw for enhanced accuracy in robot assisted implant placement in completely edentulous jaws,6V6YHWRX,Optimized design of a tooth-simulating screw for enhanced accuracy in robot-assisted implant placement in completely edentulous jaws,未使用非牙科专用3D软件
artificial intelligence performance in maxillary canine impaction a systematic review,J59JBZ9K,Artificial intelligence performance in maxillary canine impaction: a systematic review,文献类型不符（综述/社论/会议摘要等）
speech motion anomaly detection via cross modal translation of 4d motion fields from tagged mri,U5MCISR3,Speech Motion Anomaly Detection via Cross-Modal Translation of 4D Motion Fields from Tagged MRI.,未使用非牙科专用3D软件
a digital workflow for designing and manufacturing metal frameworks and removable partial dentures a novel dental technique,6FS76PG8,A digital workflow for designing and manufacturing metal frameworks and removable partial dentures: A novel dental technique,未使用非牙科专用3D软件
teeth microcracks research towards multi modal imaging,EIHBUK4U,Teeth Microcracks Research: Towards Multi-Modal Imaging.,文献类型不符（综述/社论/会议摘要等）
effect of distal cantilever and anterior implant diameter on framework and cortical bone stress in a peek based all on four mandibular prosthesis,BG353LUQ,Effect of distal cantilever and anterior implant diameter on framework and cortical bone stress in a PEEK-based All-on-Four mandibular prosthesis.,未使用非牙科专用3D软件
baicalein loaded chitosan films for local treatment of oral infections,WS5IQGA2,Baicalein-Loaded Chitosan Films for Local Treatment of Oral Infections,未使用非牙科专用3D软件
intraoral 3 d measurement by means of group coding combined with consistent enhancement for fringe projection pattern,GCV28PD9,Intraoral 3-D Measurement by Means of Group Coding Combined With Consistent Enhancement for Fringe Projection Pattern,未使用非牙科专用3D软件
mandibular ramus height and condyle distance asymmetries in individuals with different facial growth patterns a cone beam computed tomography study,GST7YSMC,Mandibular ramus height and condyle distance asymmetries in individuals with different facial growth patterns: a cone-beam computed tomography study,未使用非牙科专用3D软件
influence of 3d printing orientations on physico mechanical properties and accuracy of additively manufactured dental ceramics,H9AU3UZX,Influence of 3D printing orientations on physico-mechanical properties and accuracy of additively manufactured dental ceramics,文献类型不符（综述/社论/会议摘要等）
tri stage deep learning model for mandibular condyle segmentation and osteoarthritis identification,GGSBLKGA,Tri-Stage Deep Learning Model for Mandibular Condyle Segmentation and Osteoarthritis Identification,未使用非牙科专用3D软件
novel bisphosphonate based cathepsin k triggered compound targets the enthesis without impairing soft tissue to bone healing,XNBZP7KT,Novel bisphosphonate-based cathepsin K-triggered compound targets the enthesis without impairing soft tissue-to-bone healing,不属于口腔医学范畴
quantitative and qualitative evaluation of precision in dental 3d facial scanning across handheld fixed multicamera and smartphone depth sensing systems,3SRFQXMZ,"Quantitative and qualitative evaluation of precision in dental 3D facial scanning across handheld, fixed multicamera, and smartphone depth-sensing systems.",未使用非牙科专用3D软件
a computational modeling method for root canal endoscopy using a specific cbct filter a new era in the metaverse of endodontics begins,ZRP4E5TI,A computational modeling method for root canal endoscopy using a specific CBCT filter: A new era in the metaverse of endodontics begins.,未使用非牙科专用3D软件
dental x ray segmentation and auto implant design based on convolutional neural network,Q5HUNS56,Dental X-ray Segmentation and Auto Implant Design Based on Convolutional Neural Network,未使用非牙科专用3D软件
quantification of facial symmetry in orthognathic surgery a novel approach integrating 3d contour maps and hyper dimensional computing,6RQD493M,Quantification of facial symmetry in orthognathic surgery: A novel approach integrating 3D contour maps and hyper-dimensional computing.,未使用非牙科专用3D软件
a systematic approach of data collection and analysis in medical imaging research,PMW9788C,A Systematic Approach of Data Collection and Analysis in Medical Imaging Research.,文献类型不符（综述/社论/会议摘要等）
primary exploration of the clinical application of 3d printed complete dentures,PV2RKASC,Primary Exploration of the Clinical Application of 3D-Printed Complete Dentures,未使用非牙科专用3D软件
effect of implant number attachment type and framework material on stress distribution in mandibular overdentures a finite element analysis,SE8L9A5N,"Effect of implant number, attachment type, and framework material on stress distribution in mandibular overdentures: a finite element analysis",未使用非牙科专用3D软件
hydrophilic polymer modified poly caprolactone hydroxyapatite three dimensional printed scaffolds with enhanced hydrophilicity and biodegradability for regenerative endodontic applications,W9HL9DUR,Hydrophilic Polymer-Modified Poly(ε-caprolactone)/Hydroxyapatite Three-dimensional-Printed Scaffolds with Enhanced Hydrophilicity and  Biodegradability for Regenerative Endodontic Applications.,不属于口腔医学范畴
automated micro ct quantification of clear aligner fit a pilot comparison of manufacturing processes,LH8UPF46,Automated micro-CT quantification of clear aligner fit: a pilot comparison of manufacturing processes.,未使用非牙科专用3D软件
high precision teeth reconstruction based on automatic multimodal fusion with cbct and ios,4FW75KRW,High-precision teeth reconstruction based on automatic multimodal fusion with CBCT and IOS,未使用非牙科专用3D软件
transoral endoscopic plating for orbital blowout fractures,WQNENHUP,Transoral Endoscopic Plating for Orbital Blowout Fractures,未使用非牙科专用3D软件
vit nebla a hybrid vision transformer and neural beer lambert framework for single view 3d reconstruction of oral anatomy from panoramic radiographs,JX7Z45RP,ViT-NeBLa: A Hybrid Vision Transformer and Neural Beer–Lambert Framework for Single-View 3D Reconstruction of Oral Anatomy From Panoramic Radiographs,未使用非牙科专用3D软件
three dimensional finite element analysis of zygomatic and pterygoid implants for the rehabilitation of severely atrophic maxilla,QYXA5YVP,Three-dimensional finite element analysis of zygomatic and pterygoid implants for the rehabilitation of severely atrophic maxilla,未使用非牙科专用3D软件
multi resolution transformer augmented efficientnet for explainable breast cancer histopathology analysis,MEMRQFFZ,Multi-Resolution Transformer-Augmented Efficientnet for Explainable Breast Cancer Histopathology Analysis,不属于口腔医学范畴
self powered triboelectric sensor for real time intelligent occlusal force monitoring,VXAWF8VH,"Self-Powered Triboelectric Sensor for Real-Time, Intelligent Occlusal Force Monitoring",未使用非牙科专用3D软件
an automatic facial landmarking for children with rare diseases,GN696GRG,An automatic facial landmarking for children with rare diseases.,不属于口腔医学范畴
clinical performance of partial and full coverage fixed dental restorations fabricated from hybrid polymer and ceramic cad cam materials a systematic review and meta analysis,4LIEPYNX,Clinical Performance of Partial and Full-Coverage Fixed Dental Restorations Fabricated from Hybrid Polymer and Ceramic CAD/CAM Materials: A Systematic Review and Meta-Analysis,文献类型不符（综述/社论/会议摘要等）
monitoring the calibration of in office 3d printers,YZQT6Z4B,Monitoring the Calibration of In-Office 3D Printers.,未使用非牙科专用3D软件
in fiber bragg sensor measurements assess fluid effects on strain in the periodontal space of an ex vivo swine incisor complex under mechanical loading,BIUPRBSD,In-fiber Bragg sensor measurements assess fluid effects on strain in the periodontal space of an ex-vivo swine incisor complex under mechanical loading,未使用非牙科专用3D软件
dimensional measurement accuracy of 3 dimensional models from cone beam computed tomography using different voxel sizes,BRDTGEI3,Dimensional measurement accuracy of 3-dimensional models from cone beam computed tomography using different voxel sizes,未使用非牙科专用3D软件
multidentnet a unified deep learning framework for multi class dental condition screening and preliminary oral lesion triage,TMHVPQB7,MultiDentNet: a unified deep learning framework for multi-class dental condition screening and preliminary oral lesion triage.,文献类型不符（综述/社论/会议摘要等）
inferior alveolar canal automatic detection with deep learning cnns on cbcts development of a novel model and release of open source dataset and algorithm,TUE7JTLY,Inferior Alveolar Canal Automatic Detection with Deep Learning CNNs on CBCTs: Development of a Novel Model and Release of Open-Source Dataset and Algorithm,未使用非牙科专用3D软件
efficient high cone angle artifact reduction in circular cone beam ct using deep learning with geometry aware dimension reduction,BV6NW2AU,Efficient high cone-angle artifact reduction in circular cone-beam CT using deep learning with geometry-aware dimension reduction,不属于口腔医学范畴
fast sparsity based 3d near field mimo imaging using b saga with a batch size selection strategy,BDPNEU69,Fast Sparsity-Based 3D Near-Field MIMO Imaging Using b-SAGA with a Batch Size Selection Strategy,不属于口腔医学范畴
deep fusion feature extraction for caries detection on dental panoramic radiographs,FF2WQENL,Deep Fusion Feature Extraction for Caries Detection on Dental Panoramic Radiographs,未使用非牙科专用3D软件
deep absolute phase recovery from single frequency phase map for handheld 3d measurement,3BAYRGI4,Deep absolute phase recovery from single- frequency phase map for handheld 3D measurement,不属于口腔医学范畴
automated diagnosis and classification of skeletal malocclusion using artificial intelligence on 2d facial photographs a multi modal deep learning approach,NEP6N6G8,Automated diagnosis and classification of skeletal malocclusion using artificial intelligence on 2D facial photographs: A multi-modal deep learning approach,未使用非牙科专用3D软件
the patterning cascade model and human mandibular premolar variation,QNNIKAKV,The Patterning Cascade Model and Human Mandibular Premolar Variation,未使用非牙科专用3D软件
b onic suite an integrated platform for personalized medical devices real time surgical planning and enhanced intraoperative navigation,S3GKM64S,"B-onic Suite: An Integrated Platform for Personalized Medical Devices, Real-Time Surgical Planning, and Enhanced Intraoperative Navigation.",文献类型不符（综述/社论/会议摘要等）
biomechanical evaluation of prosthetic framework materials in subperiosteal implants a finite element analysis,A2IQLI82,Biomechanical evaluation of prosthetic framework materials in subperiosteal implants: a finite element analysis,未使用非牙科专用3D软件
automated cortical thickness measurement of the mandibular condyle head on cbct images using a deep learning method,ARDP77U5,Automated cortical thickness measurement of the mandibular condyle head on CBCT images using a deep learning method,未使用非牙科专用3D软件
realistic 3d human avatar creation for metaverse,MUGR4YEY,Realistic 3D Human Avatar Creation for Metaverse,不属于口腔医学范畴
3d human reconstruction combined with facial features,CAZ49UPW,3D Human Reconstruction Combined with Facial Features,不属于口腔医学范畴
reinforcement learning based centerline tracking with cross sectional similarity for enhancing mandibular canal segmentation,QU4CCIPN,Reinforcement Learning-Based Centerline Tracking With Cross-Sectional Similarity for Enhancing Mandibular Canal Segmentation,未使用非牙科专用3D软件
inflammatory risk and cardiovascular events in patients without obstructive coronary artery disease the orfan multicentre longitudinal cohort study,QDF38Q6W,"Inflammatory risk and cardiovascular events in patients without obstructive coronary artery disease: the ORFAN multicentre, longitudinal cohort study",不属于口腔医学范畴
a retrospective cohort study on scan quality of implant scanbodies matched with cad libraries,7XTL6VPY,A Retrospective Cohort Study on Scan Quality of Implant Scanbodies Matched With CAD Libraries,未使用非牙科专用3D软件
randomized crossover study of immersive planning in craniomaxillofacial trauma comparing virtual reality and workstation workflows,LQZ2C4X4,Randomized crossover study of immersive planning in craniomaxillofacial trauma comparing virtual reality and workstation workflows,未使用非牙科专用3D软件
effect of 3d printer technology on the trueness of digital analog positions in digital implant models in vitro study,QEMKGCHF,Effect of 3D-Printer Technology on the Trueness of Digital Analog Positions in Digital Implant Models: In Vitro Study,未使用非牙科专用3D软件
evaluation of zirconia and high performance polymer abutment surface roughness and stress concentration for implant supported fixed dental prostheses,S2SASU6I,Evaluation of Zirconia and High Performance Polymer Abutment Surface Roughness and Stress Concentration for Implant-Supported Fixed Dental Prostheses,未使用非牙科专用3D软件
platform technologies for regenerative endodontics from multifunctional biomaterials to tooth on a chip strategies,25923KNL,Platform technologies for regenerative endodontics from multifunctional biomaterials to tooth-on-a-chip strategies,文献类型不符（综述/社论/会议摘要等）
root canal disinfection and maintenance of the remnant tooth tissues by using grape seed and cranberry extracts,78Q8XIIY,Root canal disinfection and maintenance of the remnant tooth tissues by using grape seed and cranberry extracts.,未使用非牙科专用3D软件
dentalarch ai based arch shape detection in orthodontics,EZJLMVRU,DentalArch: AI-Based Arch Shape Detection in Orthodontics,未使用非牙科专用3D软件
the role of patient specific implants in the oral and maxillofacial region,GNTHJANG,The role of patient specific implants in the oral and maxillofacial region.,文献类型不符（综述/社论/会议摘要等）
from digital planning to surgical precision assessing the accuracy of nemofab in orthognathic surgery,Y3YC87XA,From Digital Planning to Surgical Precision: Assessing the Accuracy of NemoFAB in Orthognathic Surgery,未使用非牙科专用3D软件
few sampling meshes based 3d tooth segmentation via region aware graph convolutional network,R74WTZGY,Few sampling meshes-based 3D tooth segmentation via region-aware graph convolutional network,未使用非牙科专用3D软件
artificial intelligence in dentistry a review,2PWCH3UQ,Artificial intelligence in dentistry-A review.,文献类型不符（综述/社论/会议摘要等）
tooth segmentation and gingival tissue deformation framework for 3d orthodontic treatment planning and evaluating,UCAQGWW6,Tooth segmentation and gingival tissue deformation framework for 3D orthodontic treatment planning and evaluating,未使用非牙科专用3D软件
mechanical and functional validation of a perfused robot assisted partial nephrectomy simulation platform using a combination of 3d printing and hydrogel casting,LT8NWYEJ,"Mechanical and functional validation of a perfused, robot-assisted partial nephrectomy simulation platform using a combination of 3D printing and hydrogel  casting.",不属于口腔医学范畴
accuracy of the yakebot dental implant robotic system versus fully guided static computer assisted implant surgery template in edentulous jaw implantation a preliminary clinical study,KJX5QUTN,Accuracy of the Yakebot dental implant robotic system versus fully guided static computer-assisted implant surgery template in edentulous jaw implantation: A preliminary clinical study,未使用非牙科专用3D软件
translation of sign language into nepali speech using a context aware neural network framework,UR3DAMEK,Translation of Sign Language into Nepali Speech Using a Context-Aware Neural Network Framework,不属于口腔医学范畴
mechanical performance of chairside ceramic cad cam restorations and zirconia abutments with different internal implant connections in vitro study and finite element analysis,KLM4ETUM,Mechanical Performance of Chairside Ceramic CAD/CAM Restorations and Zirconia Abutments with Different Internal Implant Connections: In Vitro Study and Finite Element Analysis,未使用非牙科专用3D软件
influence of prosthesis type and intraoral scanner based extraoral scanning protocol on the passive fit of cad cam verification devices,E9XPV3EJ,Influence of prosthesis type and intraoral scanner-based extraoral scanning protocol on the passive fit of CAD-CAM verification devices,未使用非牙科专用3D软件
oral ct image processing based on oral ct image filtering algorithm,J5XU7G3J,Oral CT Image Processing Based on Oral CT Image Filtering Algorithm,未使用非牙科专用3D软件
fully digital versus conventional workflows for fabricating posterior three unit implant supported reconstructions a prospective crossover clinical trial,YYC34XSZ,Fully Digital versus Conventional Workflows for Fabricating Posterior Three-Unit Implant-Supported Reconstructions: A Prospective Crossover Clinical Trial,未使用非牙科专用3D软件
automatic segmentation of the carotid artery and internal jugular vein from 2d ultrasound images for 3d vascular reconstruction,8F7GPG9S,Automatic segmentation of the carotid artery and internal jugular vein from 2D ultrasound images for 3D vascular reconstruction,不属于口腔医学范畴
a modified protocol to evaluate masseter morphology based on automatic segmentation and registration,CT63NU2A,A Modified Protocol to Evaluate Masseter Morphology Based on Automatic Segmentation and Registration,未使用非牙科专用3D软件
integrating local and global attention mechanisms for enhanced oral cancer detection and explainability,ZF2YLA3S,Integrating local and global attention mechanisms for enhanced oral cancer detection and explainability.,不属于口腔医学范畴
digitally guided corticotomy using a customized surgical template suya corticotomy utility template a technique report,UBY7Q3RD,Digitally guided corticotomy using a customized surgical template (Suya corticotomy utility template): A technique report.,文献类型不符（综述/社论/会议摘要等）
three dimensional hemisided analysis of the pharyngeal airway a novel technical strategy to evaluate asymmetric remodeling after orthognathic surgery,E84ZXP9F,Three-Dimensional Hemisided Analysis of the Pharyngeal Airway: A Novel Technical Strategy to Evaluate Asymmetric Remodeling After Orthognathic Surgery,未使用非牙科专用3D软件
bayesian prediction of multivariate ecology from phenotypic data yields new insights into the diets of extant and extinct taxa,GCESDLZC,Bayesian Prediction of Multivariate Ecology from Phenotypic Data Yields New Insights into the Diets of Extant and Extinct Taxa,不属于口腔医学范畴
pioneering fully automated bony orbit segmentation an in silico nnu net multicentre approach,YFK7UAPN,Pioneering fully automated bony orbit segmentation: an in silico nnU-Net multicentre approach.,不属于口腔医学范畴
accuracy and patient centered results of marker based and marker free registrations for dynamic computer assisted implant surgery a randomized controlled trial,2ZAPP9FD,Accuracy and patient-centered results of marker-based and marker-free registrations for dynamic computer-assisted implant surgery: A randomized  controlled trial.,未使用非牙科专用3D软件
a modified scan technique for multiple abutment teeth using the trim and lock function,32PVXFTI,A modified scan technique for multiple abutment teeth using the trim and lock function.,未使用非牙科专用3D软件
autonomous closed loop control for robotic soft tissue electrosurgery using rgb d image guidance,G6T3U2C5,Autonomous Closed-Loop Control for Robotic Soft Tissue Electrosurgery Using RGB-D Image Guidance,未使用非牙科专用3D软件
the effects of different implant crown restorative materials on the detection of proximal caries of adjacent teeth in cone beam computed tomography cbct scans using various machines metal artifact reduction mar algorithm and exposure protocols,IUPVDC4R,"The effects of different implant crown restorative materials on the detection of proximal caries of adjacent teeth in cone-beam computed tomography (CBCT) scans  using various machines, metal artifact-reduction (MAR) algorithm, and exposure  protocols.",未使用非牙科专用3D软件
chairside vs prefabricated sealing socket abutments for posterior immediate implants a randomized clinical trial,QM47ETB9,Chairside vs Prefabricated Sealing Socket Abutments for Posterior Immediate Implants: A Randomized Clinical Trial,未使用非牙科专用3D软件
patient specific virtual surgical planning for tongue reconstruction evaluating hyperelastic inverse fem with four simulated tongue cancer cases,5GKX37T6,Patient-specific virtual surgical planning for tongue reconstruction: evaluating hyperelastic inverse FEM with four simulated tongue cancer cases,未使用非牙科专用3D软件
enhanced osteogenic differentiation of hmscs using bmp zif 8 loaded gelma nanocomposite hydrogels with controlled bmp 2 release,96RWRVSA,Enhanced Osteogenic Differentiation of hMSCs Using BMP@ZIF-8-Loaded GelMA Nanocomposite Hydrogels with Controlled BMP-2 Release.,未使用非牙科专用3D软件
validation of a biomechanical performance assessment platform applying an inertial bpased biosensor and axis vector computation,73ML8M2Z,Validation of a Biomechanical Performance Assessment Platform Applying an Inertial-Bpased Biosensor and Axis Vector Computation.,未使用非牙科专用3D软件
accuracy of indirect bonding trays a measurement algorithm,2F689GX9,Accuracy of indirect bonding trays - a measurement algorithm,未使用非牙科专用3D软件
a 3 dimensional scaffolding system recapitulates the hierarchical osteon structure,H9R2SL24,A 3-Dimensional Scaffolding System Recapitulates the Hierarchical Osteon Structure.,不属于口腔医学范畴
effect of drill handle force applied to digital surgical guides on implant deviation an in vitro study,ANWLRCES,Effect of Drill Handle Force Applied to Digital Surgical Guides on Implant Deviation: An In Vitro Study,未使用非牙科专用3D软件
accuracy of digital impressions for three unit and four unit implant supported fixed dental prostheses using a novel device,KJCSZZKL,Accuracy of digital impressions for three- unit and four-unit implant supported fixed dental prostheses using a novel device,未使用非牙科专用3D软件
comparing the trueness of 3d printing and conventional casting for removable partial denture metal framework fabrication in different mandibular major connectors designs an in vitro study,8F9WEIIK,Comparing the trueness of 3D printing and conventional casting for removable partial denture metal framework fabrication in different mandibular major connectors designs: An in vitro study,未使用非牙科专用3D软件
3d engineered human gingiva fabricated with electrospun collagen scaffolds provides a platform for in vitro analysis of gingival seal to abutment materials,GEREGG8M,3D engineered human gingiva fabricated with electrospun collagen scaffolds provides a platform for in vitro analysis of gingival seal to abutment materials,未使用非牙科专用3D软件
repair of infected bone defect with clindamycin tetrahedral dna nanostructure complex loaded 3d bioprinted hybrid scaffold,TMSIYDP5,Repair of infected bone defect with Clindamycin-Tetrahedral DNA nanostructure Complex-loaded 3D bioprinted hybrid scaffold,不属于口腔医学范畴
use of continuous glucose monitoring to stratify individuals without diabetes,QHVZQG93,Use of continuous glucose monitoring to stratify individuals without diabetes.,不属于口腔医学范畴
chairside applicable ms fgelma hydrogel with enhanced osteogenesis and mechanical adaptability for alveolar ridge preservation,U9JDHKQD,Chairside-applicable MS/FGelMA hydrogel with enhanced osteogenesis and mechanical adaptability for alveolar ridge preservation,未使用非牙科专用3D软件
influence of framework material on the global and region specific fabrication accuracy and fit of 3 unit screw retained implant frameworks,27MWKWPV,Influence of framework material on the global and region-specific fabrication accuracy and fit of 3-unit screw-retained implant frameworks,未使用非牙科专用3D软件
a novel mixed reality guided dental implant placement navigation system based on virtual actual registration,ZNFMJ2ER,A novel mixed reality-guided dental implant placement navigation system based on virtual-actual registration,未使用非牙科专用3D软件
2d to 3d predicting three dimensional 3d cephalometric measurements from two conventional x ray images,Q3UWJ9BC,2D-to-3D: Predicting three-dimensional (3D) cephalometric measurements from two conventional X-ray images,未使用非牙科专用3D软件
generative ai for text to speech and sign language translation,JZFZNDHC,Generative AI for Text to Speech and Sign Language Translation,不属于口腔医学范畴
mastery learning in preclinical endodontics using customized 3d printed tooth models for deliberate practice an application of educational design research,JZW3UU8Y,Mastery Learning in Preclinical Endodontics Using Customized 3D-Printed Tooth Models for Deliberate Practice: An Application of Educational Design Research,未使用非牙科专用3D软件
ai assisted fusion technique for orthodontic diagnosis between cone beam computed tomography and face scan data,X26HCEJR,AI-Assisted Fusion Technique for Orthodontic Diagnosis Between Cone-Beam Computed Tomography and Face Scan Data,未使用非牙科专用3D软件
development of an automatic computer program to determine the optimal dental implant size and position for fibula free flap surgery,7M8ERVJ3,Development of an Automatic Computer Program to Determine the Optimal Dental Implant Size and Position for Fibula Free Flap Surgery.,未使用非牙科专用3D软件
biomechanical analysis of all on 4 implant supported framework using different materials across various clinical practice,ZMQU8EMV,Biomechanical analysis of All-on-4 implant supported framework using different materials across various clinical practice,未使用非牙科专用3D软件
cad cam resin composites effective components for further development,A8D7MDVM,CAD-CAM resin composites: Effective components for further development,文献类型不符（综述/社论/会议摘要等）
evaluation of osteogenic potential for rat adipose derived stem cells under xeno free environment,FB2S72TH,Evaluation of Osteogenic Potential for Rat Adipose-Derived Stem Cells under Xeno-Free Environment,未使用非牙科专用3D软件
skin viscoelasticity as a predictor of optimal facial prosthesis design using 4d facial expression modeling,NFEQYJAL,Skin viscoelasticity as a predictor of optimal facial prosthesis design using 4D facial expression modeling,未使用非牙科专用3D软件
identifying sources of error in computer navigated total knee arthroplasty using sensitivity analyses in knee models,KJI2CQKC,Identifying Sources of Error in Computer-Navigated Total Knee Arthroplasty Using Sensitivity Analyses in Knee Models,不属于口腔医学范畴
3d printing for tissue organ regeneration in china,6FE3CE5K,3D printing for tissue/organ regeneration in China,不属于口腔医学范畴
on 2d 3d image feature detections for image to geometry registration in virtual dental model,LKB7H5FV,On 2D-3D Image Feature Detections for Image-To-Geometry Registration in Virtual Dental Model,未使用非牙科专用3D软件
polyetheretherketone versus titanium cad cam framework for implant supported fixed complete dentures a retrospective study with up to 5 year follow up,EF2ZZ3Y3,Polyetheretherketone versus titanium CAD-CAM framework for implant-supported fixed complete dentures: a retrospective study with up to 5-year follow-up.,未使用非牙科专用3D软件
accuracy of maxillary positioning during orthognathic surgery a comparison of web based 3 dimensional virtual surgical planning and actual outcomes,7ABNVPGL,Accuracy of Maxillary Positioning During Orthognathic Surgery: A Comparison of Web-based 3-Dimensional Virtual Surgical Planning and Actual Outcomes,未使用非牙科专用3D软件
fepse 3 nanosheets integrated cryogenic 3d printed multifunctional calcium phosphate scaffolds for synergistic therapy of osteosarcoma,CF4DWYCA,FePSe(3) -Nanosheets-Integrated Cryogenic-3D-Printed Multifunctional Calcium Phosphate Scaffolds for Synergistic Therapy of Osteosarcoma.,不属于口腔医学范畴
transformation trees documentation of multimodal image registration,DK5KVWF5,Transformation trees - Documentation of multimodal image registration.,文献类型不符（综述/社论/会议摘要等）
estimation of coronary artery movement using a non rigid registration with global local structure preservation,SWW7KEJ8,Estimation of coronary artery movement using a non-rigid registration with global-local structure preservation,不属于口腔医学范畴
learning disentangled features for nerf based face reconstruction,QNTVYNKA,Learning Disentangled Features for Nerf-Based Face Reconstruction,不属于口腔医学范畴
ginger extract release from 3d printed calcium phosphate scaffolds for bone regeneration,FEHPJQNB,Ginger extract release from 3D printed calcium phosphate scaffolds for bone regeneration,不属于口腔医学范畴
mimicking the biology of engineered protein and mrna nanoparticle delivery using a versatile microfluidic platform,7MPMH7WD,Mimicking the Biology of Engineered Protein and mRNA Nanoparticle Delivery Using a Versatile Microfluidic Platform,不属于口腔医学范畴
flexible allyl modified gelatin photoclick resin tailored for volumetric bioprinting of matrices for soft tissue engineering,NY8FFRL4,Flexible Allyl-Modified Gelatin Photoclick Resin Tailored for Volumetric Bioprinting of Matrices for Soft Tissue Engineering,不属于口腔医学范畴
remedying infectious bone defects via 3d printing technology,M9JXA2JA,Remedying infectious bone defects via 3D printing technology,不属于口腔医学范畴
assessment of the inner surface roughness of 3d printed dental crowns via optical coherence tomography using a roughness quantification algorithm,V85M8FZ4,Assessment of the Inner Surface Roughness of 3D Printed Dental Crowns via Optical Coherence Tomography Using a Roughness Quantification Algorithm,未使用非牙科专用3D软件
inceptionnet based ai approach for precise classification and diagnosis of mouth ulcers leveraging clinical data,82MAT4SG,InceptionNet-Based AI Approach for Precise Classification and Diagnosis of Mouth Ulcers Leveraging Clinical Data,未使用非牙科专用3D软件
